relay,non_censored_blocks,all_blocks,share
manifold,126,640,19.6875
aestus,307,9274,3.310329954712098
ultrasound,2623,83173,3.1536676565712427
bloxroute (max profit),1974,72596,2.7191580803350046
agnostic Gnosis,1451,54274,2.673471643881048
bloxroute (regulated),5,44833,0.011152499275087546
blocknative,0,35437,0.0
flashbots,0,63786,0.0
eden,0,3437,0.0
