relay,non_censored_blocks,all_blocks,share
manifold,141,648,21.75925925925926
bloxroute (ethical),1,7,14.285714285714285
aestus,311,9506,3.2716179255207236
ultrasound,2611,82739,3.155706498749079
bloxroute (max profit),2036,73542,2.7684860351907754
agnostic Gnosis,1485,54429,2.7283249738191038
bloxroute (regulated),5,45226,0.011055587493919427
blocknative,0,35537,0.0
eden,0,3666,0.0
flashbots,0,63244,0.0
