relay,non_censored_blocks,all_blocks,share
manifold,145,665,21.804511278195488
bloxroute (ethical),2,17,11.76470588235294
ultrasound,2615,81144,3.2226658779453814
aestus,307,10085,3.0441249380267723
bloxroute (max profit),2150,75082,2.8635358674515863
agnostic Gnosis,1557,54662,2.8484138889905237
bloxroute (regulated),5,45858,0.010903222992716647
blocknative,0,35428,0.0
flashbots,0,63149,0.0
eden,0,3997,0.0
