relay,non_censored_blocks,all_blocks,share
manifold,135,641,21.060842433697346
aestus,312,9435,3.3068362480127185
ultrasound,2644,83761,3.1566003271212137
bloxroute (max profit),2026,73755,2.7469324113619416
agnostic Gnosis,1483,54769,2.7077361281016636
bloxroute (regulated),5,45483,0.010993118307939231
flashbots,0,64028,0.0
eden,0,3579,0.0
blocknative,0,35792,0.0
bloxroute (ethical),0,1,0.0
