relay,non_censored_blocks,all_blocks,share
manifold,150,662,22.658610271903324
bloxroute (ethical),2,17,11.76470588235294
ultrasound,2586,80456,3.214179178681515
aestus,309,10071,3.068215668751862
agnostic Gnosis,1571,54263,2.8951587637985368
bloxroute (max profit),2151,74544,2.8855441081777204
bloxroute (regulated),4,45543,0.008782908460136574
flashbots,0,62642,0.0
blocknative,0,35117,0.0
eden,0,3994,0.0
