relay,non_censored_blocks,all_blocks,share
manifold,148,661,22.390317700453856
bloxroute (ethical),3,23,13.043478260869565
ultrasound,2475,80216,3.085419367707191
aestus,296,10300,2.8737864077669903
agnostic Gnosis,1535,54395,2.821950546925269
bloxroute (max profit),2111,74940,2.8169202028289297
bloxroute (regulated),4,45652,0.008761938140716727
eden,0,4129,0.0
blocknative,0,35060,0.0
flashbots,0,62510,0.0
