relay,non_censored_blocks,all_blocks,share
ultrasound,4610,106711,4.32007946697154
agnostic Gnosis,372,8702,4.274879338083199
bloxroute (regulated),2219,53540,4.144564811355996
bloxroute (max profit),2797,69542,4.02202985246326
aestus,285,7218,3.948462177888612
titan,474,12836,3.6927391710813335
flashbots,505,14854,3.3997576410394506
