relay,non_censored_blocks,all_blocks,share
manifold,11,81,13.580246913580247
agnostic Gnosis,1497,19535,7.66316867161505
aestus,310,5718,5.421476040573627
ultrasound,5664,138446,4.091125781893301
titan,1407,42661,3.2980942781463165
bloxroute (max profit),9,116532,0.007723200494284831
bloxroute (regulated),1,99393,0.0010061070699143803
flashbots,0,21558,0.0
