relay,non_censored_blocks,all_blocks,share
manifold,34,234,14.529914529914532
bloxroute (max profit),2724,70328,3.8732794903878967
aestus,232,8687,2.6706573040174977
ultrasound,2001,102549,1.9512623233771171
agnostic Gnosis,1167,65723,1.7756341006953427
bloxroute (regulated),4,52272,0.007652280379553107
flashbots,1,63738,0.0015689227776208856
eden,0,319,0.0
