relay,non_censored_blocks,all_blocks,share
manifold,14,67,20.8955223880597
agnostic Gnosis,670,20275,3.3045622688039455
ultrasound,3101,141556,2.1906524626296306
aestus,132,6101,2.1635797410260613
titan,871,49818,1.7483640451242524
bloxroute (regulated),0,104742,0.0
flashbots,0,22201,0.0
bloxroute (max profit),0,123775,0.0
