relay,non_censored_blocks,all_blocks,share
ultrasound,4947,100305,4.931957529534919
bloxroute (max profit),3278,70664,4.638854296388542
bloxroute (regulated),2478,54201,4.571871367686943
titan,655,15318,4.276015145580363
agnostic Gnosis,255,6563,3.885418253847326
aestus,314,8166,3.8452118540289
flashbots,473,13173,3.5906779017687693
