relay,non_censored_blocks,all_blocks,share
ultrasound,4565,102046,4.473472747584423
agnostic Gnosis,337,7689,4.38288464039537
bloxroute (regulated),2259,53626,4.21250885764368
bloxroute (max profit),2937,70054,4.19248008679019
aestus,274,7021,3.9025779803446805
titan,530,13644,3.884491351509821
flashbots,490,14059,3.4853118998506294
