relay,non_censored_blocks,all_blocks,share
manifold,68,631,10.776545166402537
aestus,742,13926,5.328163148068361
ultrasound,2321,80613,2.8791882202622405
agnostic Gnosis,1300,45696,2.844887955182073
bloxroute (max profit),134,75942,0.17645044902688894
bloxroute (regulated),58,53496,0.10841932107073426
flashbots,0,56199,0.0
eden,0,611,0.0
