relay,non_censored_blocks,all_blocks,share
manifold,4,15,26.666666666666668
ultrasound,6349,131415,4.831259749648061
agnostic Gnosis,346,8155,4.242795830778663
bloxroute (regulated),3762,92012,4.088597139503543
bloxroute (max profit),4259,107104,3.976508813863161
titan,1781,47049,3.7854152054241323
flashbots,475,15605,3.043896187119513
aestus,161,5441,2.959014886969307
