relay,non_censored_blocks,all_blocks,share
ultrasound,3040,65097,4.669954068543865
titan,742,18879,3.9302929180571002
bloxroute (max profit),2226,69270,3.2135123430056303
aestus,450,15183,2.9638411381149967
agnostic Gnosis,409,13912,2.9399079930994825
bloxroute (regulated),948,34002,2.788071289924122
flashbots,256,9324,2.7456027456027456
