relay,non_censored_blocks,all_blocks,share
aestus,450,3484,12.916188289322616
bloxroute (max profit),2226,20405,10.909090909090908
ultrasound,3040,28350,10.72310405643739
titan,742,7081,10.478745939839005
agnostic Gnosis,409,3941,10.378076630296878
bloxroute (regulated),948,9444,10.038119440914867
flashbots,256,2824,9.06515580736544
