relay,non_censored_blocks,all_blocks,share
ultrasound,5247,97086,5.404486743711761
bloxroute (max profit),3727,74017,5.035329721550454
bloxroute (regulated),2791,55511,5.027832321521861
titan,730,16734,4.362376000956137
flashbots,483,12070,4.001657000828501
aestus,251,6621,3.7909681317021597
agnostic Gnosis,161,4885,3.2958034800409415
