relay,non_censored_blocks,all_blocks,share
ultrasound,1895,65097,2.9110404473324425
titan,471,18879,2.4948355315429844
bloxroute (max profit),1479,76410,1.9356105221829603
aestus,318,17295,1.8386816999132698
agnostic Gnosis,274,15489,1.7689973529601652
bloxroute (regulated),562,38376,1.4644569522618303
flashbots,156,10824,1.441241685144124
