relay,non_censored_blocks,all_blocks,share
manifold,20,74,27.027027027027028
agnostic Gnosis,1025,20723,4.946195048979394
aestus,199,6119,3.2521653865010625
ultrasound,4533,141272,3.2087037771108218
titan,1376,49645,2.771678920334374
bloxroute (regulated),0,104219,0.0
bloxroute (max profit),0,123005,0.0
flashbots,0,21866,0.0
