relay,non_censored_blocks,all_blocks,share
manifold,15,97,15.463917525773196
agnostic Gnosis,749,21624,3.4637439881613026
aestus,223,7242,3.07925987296327
ultrasound,2322,133385,1.7408254301458186
bloxroute (max profit),22,128684,0.017096142488576667
bloxroute (regulated),18,109494,0.01643925694558606
flashbots,0,25558,0.0
