relay,non_censored_blocks,all_blocks,share
agnostic Gnosis,411,8801,4.66992387228724
ultrasound,5030,108487,4.63650022583351
bloxroute (regulated),2564,56268,4.5567640577237505
bloxroute (max profit),3316,74246,4.46623387118498
titan,712,16043,4.438072679673378
aestus,339,8124,4.172821270310192
flashbots,473,12969,3.64715860899067
