relay,non_censored_blocks,all_blocks,share
manifold,4,12,33.33333333333333
agnostic Gnosis,648,11284,5.742644452321872
ultrasound,5618,130670,4.299380117854136
aestus,254,7828,3.2447623914154318
titan,1506,47562,3.166393339220386
bloxroute (regulated),1751,91290,1.9180633147113595
bloxroute (max profit),1939,104684,1.8522410301478738
flashbots,217,14417,1.50516751057779
