relay,non_censored_blocks,all_blocks,share
manifold,47,736,6.385869565217392
aestus,622,11342,5.484041615235409
titan,370,8668,4.26857406552838
agnostic Gnosis,1299,57889,2.2439496277358395
ultrasound,2148,104329,2.0588714547249567
bloxroute (max profit),9,95968,0.009378126042014004
bloxroute (regulated),1,51809,0.0019301665733752825
eden,0,67,0.0
flashbots,0,37960,0.0
