relay,non_censored_blocks,all_blocks,share
manifold,35,157,22.29299363057325
aestus,215,6628,3.2438141219070613
bloxroute (max profit),2249,73223,3.0714393018587054
ultrasound,1732,103139,1.679287175559197
agnostic Gnosis,961,64634,1.4868335550948417
bloxroute (regulated),3,55234,0.0054314371582720785
flashbots,0,66254,0.0
eden,0,280,0.0
