relay,non_censored_blocks,all_blocks,share
manifold,72,395,18.227848101265824
aestus,520,10974,4.738472753781666
ultrasound,2197,86061,2.55284042713889
agnostic Gnosis,1074,42996,2.497906782026235
bloxroute (max profit),51,75734,0.06734095650566456
bloxroute (regulated),4,55410,0.007218913553510196
eden,0,592,0.0
flashbots,0,59456,0.0
