relay,non_censored_blocks,all_blocks,share
ultrasound,4673,107495,4.347178938555282
agnostic Gnosis,372,8697,4.277337012763022
bloxroute (regulated),2232,53582,4.1655779926094585
bloxroute (max profit),2842,69863,4.067961581953251
aestus,273,7174,3.805408419291887
titan,492,12958,3.7968822349127955
flashbots,515,14973,3.43952447739264
