relay,non_censored_blocks,all_blocks,share
manifold,35,535,6.5420560747663545
aestus,299,8965,3.3351924149470165
ultrasound,2109,119626,1.7629946667112502
titan,161,10211,1.5767309763980022
agnostic Gnosis,678,48011,1.41217637624711
bloxroute (regulated),2,76816,0.002603624244948969
bloxroute (max profit),2,90523,0.0022093832506655765
eden,0,27,0.0
flashbots,0,24656,0.0
