relay,non_censored_blocks,all_blocks,share
ultrasound,5236,97679,5.360415237666234
bloxroute (regulated),2756,55283,4.985257674149377
bloxroute (max profit),3617,73420,4.926450558430946
titan,723,16588,4.358572462020738
aestus,275,6932,3.9671090594345064
flashbots,474,11986,3.954613716002002
agnostic Gnosis,189,5235,3.6103151862464182
