relay,non_censored_blocks,all_blocks,share
manifold,53,669,7.922272047832586
aestus,244,8927,2.733281057466114
agnostic Gnosis,536,26230,2.0434616850934044
ultrasound,2009,107993,1.8603057605585547
titan,188,13745,1.3677700982175336
bloxroute (max profit),4,102101,0.003917689346823244
bloxroute (regulated),2,79214,0.002524806221122529
flashbots,0,23560,0.0
eden,0,29,0.0
