relay,non_censored_blocks,all_blocks,share
ultrasound,6103,99798,6.115353013086435
bloxroute (regulated),2980,52029,5.727575006246517
bloxroute (max profit),3879,69145,5.609950104852122
titan,925,18763,4.9299152587539306
flashbots,515,11961,4.305660061867736
aestus,209,5133,4.071692967075784
agnostic Gnosis,127,4252,2.986829727187206
