relay,non_censored_blocks,all_blocks,share
manifold,4,14,28.57142857142857
agnostic Gnosis,544,9960,5.461847389558233
ultrasound,5657,129829,4.357269947392339
titan,1647,48861,3.3707865168539324
aestus,209,6969,2.998995551729086
bloxroute (regulated),2314,91190,2.5375589428665424
bloxroute (max profit),2606,105396,2.4725796045390718
flashbots,274,14634,1.8723520568539018
