relay,non_censored_blocks,all_blocks,share
manifold,109,783,13.92081736909323
titan,112,1609,6.960845245494096
aestus,761,12351,6.161444417456076
ultrasound,3293,106933,3.079498377488708
agnostic Gnosis,1842,60006,3.0696930306969303
bloxroute (max profit),125,77368,0.1615655051183952
bloxroute (regulated),2,45653,0.0043808731080104265
flashbots,0,48181,0.0
eden,0,461,0.0
