relay,non_censored_blocks,all_blocks,share
manifold,18,100,18.0
agnostic Gnosis,1939,20230,9.58477508650519
aestus,417,5802,7.18717683557394
ultrasound,6614,140111,4.7205429980515445
bloxroute (max profit),41,117259,0.034965333151399894
bloxroute (regulated),5,99786,0.005010722947106808
flashbots,0,21387,0.0
