relay,non_censored_blocks,all_blocks,share
manifold,54,665,8.1203007518797
aestus,231,9308,2.481736140954018
agnostic Gnosis,533,26621,2.0021787310769694
ultrasound,1918,109576,1.7503832956121779
titan,187,13639,1.3710682601363737
bloxroute (max profit),4,100602,0.003976064094153198
bloxroute (regulated),2,79786,0.002506705437044093
flashbots,0,23931,0.0
eden,0,28,0.0
