relay,non_censored_blocks,all_blocks,share
manifold,64,333,19.21921921921922
aestus,343,5612,6.111903064861012
ultrasound,2795,99283,2.815184875557749
bloxroute (max profit),1677,66552,2.519834114677245
agnostic Gnosis,1251,57962,2.15831061730099
bloxroute (regulated),14,45019,0.031097980852528934
flashbots,0,67337,0.0
blocknative,0,14406,0.0
eden,0,503,0.0
