relay,non_censored_blocks,all_blocks,share
manifold,61,207,29.468599033816425
aestus,333,5651,5.89276234294815
ultrasound,2805,97571,2.8748296112574434
bloxroute (max profit),1694,67109,2.524251590695734
agnostic Gnosis,1266,57361,2.207074493122505
bloxroute (regulated),13,44463,0.029237793221330095
eden,0,797,0.0
blocknative,0,17470,0.0
flashbots,0,67253,0.0
