relay,non_censored_blocks,all_blocks,share
ultrasound,5497,98115,5.602609183101462
bloxroute (regulated),2898,55079,5.261533433795094
bloxroute (max profit),3811,73544,5.181931904710106
titan,782,17399,4.494511178803379
aestus,238,5978,3.9812646370023423
flashbots,473,12003,3.9406814962925933
agnostic Gnosis,127,4320,2.939814814814815
