relay,non_censored_blocks,all_blocks,share
ultrasound,5193,122180,4.250286462596169
bloxroute (regulated),3218,76637,4.199016141028485
bloxroute (max profit),3938,97374,4.044200710661984
titan,1119,33039,3.386906383365114
flashbots,506,15446,3.2759290431179595
aestus,117,4903,2.3862941056496023
agnostic Gnosis,179,7704,2.3234683281412254
manifold,0,6,0.0
