relay,non_censored_blocks,all_blocks,share
agnostic Gnosis,418,3824,10.930962343096235
ultrasound,5134,47076,10.905769394171127
bloxroute (regulated),2638,25289,10.431412867254537
bloxroute (max profit),3377,33796,9.992306781867677
flashbots,475,4781,9.93516000836645
titan,741,8113,9.133489461358314
aestus,344,4403,7.812854871678401
