relay,non_censored_blocks,all_blocks,share
manifold,15,42,35.714285714285715
agnostic Gnosis,971,18658,5.2042019509057775
ultrasound,4912,121676,4.036950590091719
aestus,367,9094,4.035627886518584
titan,1132,51153,2.21296893632827
bloxroute (regulated),1,95267,0.0010496814216885177
bloxroute (max profit),1,105577,0.0009471759947715885
flashbots,0,15083,0.0
