relay,non_censored_blocks,all_blocks,share
ultrasound,1827,47769,3.824656157759216
titan,460,14986,3.0695315627919393
bloxroute (max profit),1445,67466,2.1418195831974627
aestus,309,16128,1.915922619047619
agnostic Gnosis,262,13893,1.8858417908299143
flashbots,152,9496,1.6006739679865205
bloxroute (regulated),537,34224,1.5690743338008417
