relay,non_censored_blocks,all_blocks,share
titan,766,7679,9.975257194947257
agnostic Gnosis,348,9711,3.583565029348162
aestus,375,11147,3.364133847672019
ultrasound,2540,76949,3.300887600878504
bloxroute (max profit),1935,60318,3.2079976126529393
bloxroute (regulated),907,33160,2.7352231604342583
flashbots,242,9386,2.5783081184743235
