relay,non_censored_blocks,all_blocks,share
manifold,19,88,21.59090909090909
agnostic Gnosis,1459,21687,6.727532623230507
ultrasound,5719,133873,4.27195924495604
aestus,339,8083,4.193987380922925
titan,1176,50307,2.3376468483511244
flashbots,0,17148,0.0
bloxroute (max profit),0,112872,0.0
bloxroute (regulated),0,99372,0.0
