relay,non_censored_blocks,all_blocks,share
manifold,15,40,37.5
agnostic Gnosis,925,18162,5.093051426054399
aestus,363,9044,4.013710747456877
ultrasound,4864,121340,4.00857095763969
titan,1156,50337,2.2965214454576155
bloxroute (regulated),2,94754,0.00211072883466661
bloxroute (max profit),1,105119,0.0009513028091971956
flashbots,0,15088,0.0
