relay,non_censored_blocks,all_blocks,share
manifold,92,421,21.852731591448933
aestus,369,6888,5.357142857142857
ultrasound,2967,93257,3.18153060896233
bloxroute (max profit),1837,67446,2.723660409809329
agnostic Gnosis,1390,56382,2.4653258132027953
bloxroute (regulated),7,44257,0.015816706961610593
blocknative,0,23994,0.0
eden,0,1582,0.0
flashbots,0,68244,0.0
