relay,non_censored_blocks,all_blocks,share
manifold,16,65,24.615384615384617
agnostic Gnosis,1268,20232,6.267299327797549
ultrasound,5587,123652,4.518325623524084
aestus,385,9188,4.190248149760557
titan,1219,52763,2.3103311032352214
flashbots,0,15555,0.0
bloxroute (regulated),0,96416,0.0
bloxroute (max profit),0,107493,0.0
