relay,non_censored_blocks,all_blocks,share
manifold,23,151,15.2317880794702
agnostic Gnosis,729,19804,3.6810745303978996
aestus,259,8602,3.010927691234597
ultrasound,2671,137643,1.9405273061470618
bloxroute (max profit),18,119853,0.015018397536982803
bloxroute (regulated),13,94037,0.013824345736252752
flashbots,0,22797,0.0
