relay,non_censored_blocks,all_blocks,share
manifold,1,13,7.6923076923076925
ultrasound,5719,132649,4.311378148346388
bloxroute (regulated),3810,92032,4.139864394993046
bloxroute (max profit),4400,108047,4.072301868631244
titan,1622,45470,3.5671871563668356
flashbots,485,15715,3.0862233534839323
agnostic Gnosis,178,7937,2.2426609550207885
aestus,104,5198,2.0007695267410543
