relay,non_censored_blocks,all_blocks,share
manifold,62,416,14.903846153846153
aestus,424,10410,4.073006724303554
ultrasound,2004,87742,2.283968908846391
agnostic Gnosis,950,44080,2.1551724137931036
bloxroute (max profit),249,74641,0.3335968167629051
bloxroute (regulated),5,54871,0.009112281533050246
flashbots,0,60527,0.0
eden,0,630,0.0
