relay,non_censored_blocks,all_blocks,share
manifold,15,62,24.193548387096776
agnostic Gnosis,1134,19658,5.768643809136229
ultrasound,5187,122224,4.243847362220186
aestus,373,9237,4.038107610696113
titan,1158,52817,2.192475907378306
bloxroute (max profit),1,106655,0.0009376025502789367
bloxroute (regulated),0,96006,0.0
flashbots,0,15400,0.0
