relay,non_censored_blocks,all_blocks,share
manifold,4,8,50.0
agnostic Gnosis,774,12944,5.979604449938195
ultrasound,5700,126995,4.488365683688334
aestus,305,8590,3.5506402793946448
titan,1522,47933,3.175265474725137
bloxroute (regulated),1262,90841,1.3892405411653328
bloxroute (max profit),1371,103261,1.3277035860586281
flashbots,156,14586,1.06951871657754
