relay,non_censored_blocks,all_blocks,share
manifold,19,70,27.142857142857142
agnostic Gnosis,1050,20697,5.073199014349906
aestus,202,6055,3.336085879438481
ultrasound,4675,141079,3.3137461989381833
titan,1396,49105,2.8428876896446393
flashbots,0,21784,0.0
bloxroute (regulated),0,104290,0.0
bloxroute (max profit),0,122957,0.0
