relay,non_censored_blocks,all_blocks,share
manifold,65,396,16.414141414141415
aestus,453,10641,4.257118691852269
ultrasound,2096,86983,2.409666256624858
agnostic Gnosis,972,43222,2.2488547498958864
bloxroute (max profit),142,75560,0.18793012175754367
bloxroute (regulated),4,55456,0.007212925562608194
flashbots,0,59789,0.0
eden,0,625,0.0
