relay,non_censored_blocks,all_blocks,share
manifold,20,158,12.658227848101266
agnostic Gnosis,1110,22456,4.942999643747773
aestus,360,8644,4.164738546968995
ultrasound,3510,125575,2.7951423452120245
titan,114,4900,2.3265306122448983
eden,4,762,0.5249343832020997
bloxroute (max profit),2,118671,0.0016853317154148866
bloxroute (regulated),1,88785,0.0011263163822717802
flashbots,0,19570,0.0
