relay,non_censored_blocks,all_blocks,share
manifold,68,868,7.834101382488479
aestus,527,12323,4.276556033433417
ultrasound,1962,82935,2.3657080846446013
agnostic Gnosis,896,40963,2.187339794448649
bloxroute (max profit),118,81222,0.14528083524168328
bloxroute (regulated),49,53755,0.09115431122686261
flashbots,1,51171,0.0019542318891559675
eden,0,548,0.0
