relay,non_censored_blocks,all_blocks,share
agnostic Gnosis,418,7697,5.430687280758737
ultrasound,5134,96547,5.317617326276322
bloxroute (regulated),2638,50163,5.258856129019397
titan,741,14497,5.111402359108781
bloxroute (max profit),3377,66479,5.07979963597527
aestus,344,7377,4.663142198725769
flashbots,475,11089,4.283524213184236
