relay,non_censored_blocks,all_blocks,share
manifold,84,888,9.45945945945946
aestus,637,10871,5.859626529298133
titan,262,5616,4.665242165242165
agnostic Gnosis,1448,58611,2.4705260104758495
ultrasound,2453,104423,2.349099336353102
bloxroute (max profit),39,85290,0.0457263454097784
bloxroute (regulated),2,45567,0.0043891412645115984
eden,0,225,0.0
flashbots,0,37570,0.0
