relay,non_censored_blocks,all_blocks,share
agnostic Gnosis,418,784,53.316326530612244
flashbots,475,976,48.66803278688525
bloxroute (regulated),2638,5536,47.65173410404625
ultrasound,5134,11342,45.26538529359902
bloxroute (max profit),3377,7835,43.101467772814296
aestus,344,909,37.843784378437846
titan,741,2861,25.900034952813698
