relay,non_censored_blocks,all_blocks,share
manifold,16,75,21.333333333333336
agnostic Gnosis,1289,21118,6.103797708116298
ultrasound,5250,129341,4.059037737453708
aestus,331,8804,3.759654702407996
titan,1044,51498,2.027263194687172
bloxroute (regulated),0,98149,0.0
flashbots,0,16365,0.0
bloxroute (max profit),0,110231,0.0
