relay,non_censored_blocks,all_blocks,share
bloxroute (regulated),2638,10503,25.11663334285442
bloxroute (max profit),3377,16714,20.204618882374056
flashbots,475,2505,18.962075848303392
agnostic Gnosis,418,3194,13.08703819661866
aestus,344,3638,9.455744914788346
