relay,non_censored_blocks,all_blocks,share
manifold,55,638,8.620689655172415
aestus,671,10689,6.27748152306109
titan,264,9915,2.6626323751891072
ultrasound,2369,118774,1.9945442605283983
agnostic Gnosis,1051,53115,1.9787254071354607
bloxroute (max profit),2,93434,0.002140548408502258
bloxroute (regulated),1,77362,0.0012926242858250822
eden,0,38,0.0
flashbots,0,26109,0.0
