relay,non_censored_blocks,all_blocks,share
manifold,10,81,12.345679012345679
agnostic Gnosis,791,19151,4.130332619706543
aestus,228,6258,3.64333652924257
ultrasound,2438,117885,2.068117232896467
bloxroute (regulated),1,97967,0.0010207518858391092
bloxroute (max profit),1,115217,0.0008679274759801072
flashbots,0,21409,0.0
