relay,non_censored_blocks,all_blocks,share
aestus,450,5849,7.6936228415113685
ultrasound,3040,42371,7.174718557503954
bloxroute (max profit),2226,31639,7.035620594835487
bloxroute (regulated),948,13562,6.990119451408347
titan,742,10951,6.775636928134417
agnostic Gnosis,409,6151,6.6493253129572425
flashbots,256,4240,6.037735849056604
