relay,non_censored_blocks,all_blocks,share
manifold,41,156,26.282051282051285
bloxroute (max profit),2343,70925,3.303489601691928
aestus,201,7759,2.5905400180435625
ultrasound,1739,102564,1.6955266955266957
agnostic Gnosis,1033,66792,1.5465924062762009
bloxroute (regulated),6,53633,0.011187142244513639
eden,0,294,0.0
flashbots,0,64916,0.0
