relay,non_censored_blocks,all_blocks,share
manifold,19,91,20.87912087912088
agnostic Gnosis,1893,20814,9.0948400115307
aestus,426,6055,7.0355078447564
ultrasound,6362,141830,4.485651836705915
bloxroute (max profit),40,122467,0.03266185992961369
bloxroute (regulated),5,104075,0.004804227720393947
flashbots,0,21816,0.0
