relay,non_censored_blocks,all_blocks,share
manifold,52,639,8.137715179968701
aestus,598,10441,5.727420745139355
titan,209,9717,2.1508696099619224
ultrasound,2239,119210,1.8781981377401225
agnostic Gnosis,948,53294,1.7788118737568956
bloxroute (max profit),2,93177,0.0021464524507120854
bloxroute (regulated),1,77460,0.0012909888974954817
flashbots,0,25877,0.0
eden,0,37,0.0
