relay,non_censored_blocks,all_blocks,share
manifold,107,926,11.555075593952484
aestus,717,10509,6.822723379960034
titan,232,4256,5.451127819548872
agnostic Gnosis,1811,59240,3.0570560432140446
ultrasound,3072,103471,2.9689478211286255
bloxroute (max profit),85,81921,0.10375849904175974
bloxroute (regulated),2,43850,0.004561003420752566
flashbots,0,39667,0.0
eden,0,304,0.0
