relay,non_censored_blocks,all_blocks,share
manifold,31,545,5.688073394495413
aestus,282,10000,2.82
ultrasound,2161,118162,1.828845144801205
titan,164,11563,1.418317045749373
agnostic Gnosis,591,43394,1.361939438632069
bloxroute (regulated),2,75622,0.002644733014202216
bloxroute (max profit),1,88071,0.0011354475366465691
flashbots,0,24598,0.0
eden,0,20,0.0
