relay,non_censored_blocks,all_blocks,share
manifold,15,73,20.54794520547945
agnostic Gnosis,1745,21847,7.987366686501579
ultrasound,6749,136947,4.928183895959751
aestus,338,7095,4.763918252290345
titan,1762,51183,3.442549283941934
flashbots,0,18486,0.0
bloxroute (max profit),0,116680,0.0
bloxroute (regulated),0,101344,0.0
