relay,non_censored_blocks,all_blocks,share
manifold,21,78,26.923076923076923
agnostic Gnosis,1215,20844,5.829015544041451
aestus,225,5819,3.8666437532222027
ultrasound,5236,140454,3.727910917453401
titan,1404,45777,3.0670424012058457
bloxroute (regulated),0,103783,0.0
bloxroute (max profit),0,121897,0.0
flashbots,0,21435,0.0
