relay,non_censored_blocks,all_blocks,share
manifold,71,456,15.570175438596493
aestus,567,12291,4.6131315596778135
agnostic Gnosis,1134,42662,2.6581032300407856
ultrasound,2123,82084,2.586374932995468
bloxroute (max profit),23,76713,0.02998188051568835
bloxroute (regulated),12,54679,0.021946268219974762
flashbots,0,59400,0.0
eden,0,514,0.0
