relay,non_censored_blocks,all_blocks,share
agnostic Gnosis,418,1046,39.961759082217974
flashbots,475,1299,36.566589684372595
bloxroute (regulated),2638,7227,36.502006365020065
ultrasound,5134,15065,34.07899103883173
bloxroute (max profit),3377,10209,33.078656087765694
aestus,344,1200,28.666666666666668
titan,741,3822,19.387755102040817
