relay,non_censored_blocks,all_blocks,share
ultrasound,5293,121179,4.367918533739344
bloxroute (regulated),3362,77502,4.337952568965962
bloxroute (max profit),4080,97748,4.173998444980972
titan,1225,33962,3.6069724986749896
flashbots,509,15409,3.3032643260432217
aestus,113,4896,2.3080065359477127
agnostic Gnosis,176,7735,2.275371687136393
manifold,0,7,0.0
