relay,non_censored_blocks,all_blocks,share
manifold,14,69,20.28985507246377
agnostic Gnosis,672,20120,3.3399602385685885
aestus,137,6092,2.248850952068286
ultrasound,3121,141338,2.208181805317749
titan,878,49636,1.768877427673463
flashbots,0,22236,0.0
bloxroute (max profit),0,123540,0.0
bloxroute (regulated),0,104212,0.0
