relay,non_censored_blocks,all_blocks,share
manifold,111,906,12.251655629139073
aestus,760,12011,6.327533094663225
titan,163,2720,5.99264705882353
agnostic Gnosis,1864,61073,3.0520852095033812
ultrasound,3176,105607,3.0073764049731553
bloxroute (max profit),135,77612,0.17394217389063546
bloxroute (regulated),2,44599,0.004484405479943497
flashbots,0,44203,0.0
eden,0,342,0.0
