relay,non_censored_blocks,all_blocks,share
aestus,450,4097,10.98364657066146
bloxroute (max profit),2226,23250,9.574193548387097
ultrasound,3040,31768,9.569377990430622
titan,742,8019,9.253024067838883
agnostic Gnosis,409,4476,9.137622877569259
bloxroute (regulated),948,10502,9.026852028185107
flashbots,256,3202,7.995003123048095
