relay,non_censored_blocks,all_blocks,share
ultrasound,3040,56417,5.388446744775511
bloxroute (max profit),2226,42598,5.225597445889479
aestus,450,8630,5.214368482039398
bloxroute (regulated),948,18745,5.057348626300347
titan,742,15157,4.895427855116448
agnostic Gnosis,409,8363,4.890589501375104
flashbots,256,5734,4.4645971398674575
