relay,non_censored_blocks,all_blocks,share
manifold,123,617,19.93517017828201
aestus,331,8534,3.878603234122334
ultrasound,2731,85395,3.1980795128520403
bloxroute (max profit),1958,71325,2.745180511742026
agnostic Gnosis,1410,54068,2.6078271805874085
bloxroute (regulated),5,44149,0.011325284830913497
blocknative,0,34570,0.0
flashbots,0,65734,0.0
eden,0,2832,0.0
