relay,non_censored_blocks,all_blocks,share
manifold,36,290,12.413793103448276
aestus,333,9671,3.4432840450832383
bloxroute (max profit),2322,71693,3.2388099256552243
ultrasound,2370,99486,2.3822447379530787
agnostic Gnosis,1259,61182,2.057794776241378
bloxroute (regulated),7,51611,0.01356300013563
flashbots,0,62349,0.0
eden,0,494,0.0
