relay,non_censored_blocks,all_blocks,share
manifold,43,397,10.831234256926953
aestus,395,10017,3.9432963961265846
ultrasound,2297,92765,2.4761494097989543
agnostic Gnosis,1062,49620,2.1402660217654175
bloxroute (max profit),1231,75119,1.6387332099735086
bloxroute (regulated),5,53479,0.009349464275697003
eden,0,503,0.0
flashbots,0,62783,0.0
