relay,non_censored_blocks,all_blocks,share
ultrasound,3040,65097,4.669954068543865
bloxroute (max profit),2226,50722,4.388628208666851
aestus,450,10736,4.19150521609538
bloxroute (regulated),948,23381,4.054574226936401
agnostic Gnosis,409,10139,4.033928395305257
titan,742,18639,3.9809002628896404
flashbots,256,6730,3.803863298662704
