relay,non_censored_blocks,all_blocks,share
bloxroute (regulated),2638,4276,61.6931711880262
bloxroute (max profit),3377,6144,54.964192708333336
flashbots,475,967,49.12099276111685
agnostic Gnosis,418,1202,34.775374376039935
aestus,344,1082,31.79297597042514
