relay,non_censored_blocks,all_blocks,share
manifold,26,507,5.128205128205128
aestus,235,10900,2.1559633027522938
ultrasound,2003,117292,1.707703850219964
agnostic Gnosis,507,37616,1.3478307103360272
titan,162,12331,1.3137620630930176
bloxroute (regulated),2,75817,0.0026379308070749305
bloxroute (max profit),1,88286,0.0011326824185035
eden,0,16,0.0
flashbots,0,25315,0.0
