relay,non_censored_blocks,all_blocks,share
manifold,15,43,34.883720930232556
agnostic Gnosis,1058,19150,5.5248041775456915
ultrasound,5042,121985,4.133295077263599
aestus,364,9186,3.9625517091225775
titan,1131,52480,2.155106707317073
bloxroute (regulated),1,95900,0.0010427528675703858
bloxroute (max profit),1,106315,0.000940601044067159
flashbots,0,15279,0.0
