relay,non_censored_blocks,all_blocks,share
manifold,15,71,21.12676056338028
agnostic Gnosis,708,20133,3.516614513485323
aestus,141,6122,2.303168899052597
ultrasound,3241,141285,2.2939448632197332
titan,912,49568,1.8398967075532604
bloxroute (regulated),0,103998,0.0
bloxroute (max profit),0,123398,0.0
flashbots,0,22354,0.0
