relay,non_censored_blocks,all_blocks,share
manifold,48,218,22.018348623853214
aestus,244,6701,3.6412475749888076
bloxroute (max profit),2290,74338,3.08052409265786
ultrasound,1767,103032,1.7150011646866994
agnostic Gnosis,943,64546,1.460973569237443
bloxroute (regulated),8,55098,0.014519583287959636
eden,0,305,0.0
flashbots,0,67172,0.0
