relay,non_censored_blocks,all_blocks,share
manifold,33,217,15.207373271889402
bloxroute (max profit),2578,70576,3.65279981863523
aestus,221,8313,2.658486707566462
ultrasound,1870,102668,1.8214049168192623
agnostic Gnosis,1139,66316,1.7175342300500636
bloxroute (regulated),5,52712,0.009485506146607982
eden,0,303,0.0
flashbots,0,64287,0.0
