relay,non_censored_blocks,all_blocks,share
manifold,40,174,22.988505747126435
bloxroute (max profit),2232,72279,3.0880338687585605
aestus,201,6794,2.9584927877539005
ultrasound,1711,102815,1.6641540631230851
agnostic Gnosis,950,64961,1.4624159110851127
bloxroute (regulated),3,55117,0.005442966779759421
flashbots,2,65873,0.0030361453099145325
eden,0,289,0.0
