relay,non_censored_blocks,all_blocks,share
manifold,10,93,10.75268817204301
agnostic Gnosis,791,21603,3.66152849141323
aestus,228,7006,3.25435341136169
ultrasound,2438,131162,1.858770070599716
bloxroute (regulated),1,108902,0.0009182567813263301
bloxroute (max profit),1,128041,0.0007809998359900345
flashbots,0,24457,0.0
