relay,non_censored_blocks,all_blocks,share
titan,992,17982,5.516627738849961
agnostic Gnosis,632,12052,5.243942914039164
aestus,675,13469,5.011507907045809
ultrasound,4517,90482,4.992153135430252
flashbots,545,11092,4.91345113595384
bloxroute (max profit),3322,68235,4.868469260643365
bloxroute (regulated),1751,37113,4.718023334141675
