relay,non_censored_blocks,all_blocks,share
manifold,10,42,23.809523809523807
agnostic Gnosis,791,10877,7.272225797554473
aestus,228,3461,6.587691418665126
ultrasound,2438,69630,3.5013643544449233
bloxroute (regulated),1,58190,0.0017185083347654238
bloxroute (max profit),1,68621,0.0014572798414479533
flashbots,0,11434,0.0
