relay,non_censored_blocks,all_blocks,share
agnostic Gnosis,418,1961,21.31565527791943
flashbots,475,2306,20.59843885516045
bloxroute (regulated),2638,13205,19.977281332828476
ultrasound,5134,25773,19.92007139254258
bloxroute (max profit),3377,17971,18.791386122085584
aestus,344,2255,15.2549889135255
titan,741,6021,12.306925759840558
