relay,non_censored_blocks,all_blocks,share
manifold,40,165,24.242424242424242
bloxroute (max profit),2197,71883,3.056355466521987
aestus,187,6919,2.7027027027027026
ultrasound,1673,102540,1.6315584162278136
agnostic Gnosis,950,65285,1.4551581527150188
bloxroute (regulated),4,54902,0.00728570908163637
eden,0,278,0.0
flashbots,0,65649,0.0
