relay,non_censored_blocks,all_blocks,share
titan,988,17900,5.5195530726256985
bloxroute (max profit),2347,68698,3.4164022242277796
agnostic Gnosis,380,11267,3.372681281618887
aestus,429,12959,3.3104406204182424
flashbots,350,10776,3.2479584261321457
ultrasound,2772,88363,3.1370596290302504
bloxroute (regulated),1127,36960,3.0492424242424243
