relay,non_censored_blocks,all_blocks,share
ultrasound,5654,132606,4.263758804277333
bloxroute (regulated),3785,91681,4.128445370360271
bloxroute (max profit),4370,108351,4.033188433886166
titan,1599,45053,3.549153219541429
flashbots,493,15855,3.1094292021444336
agnostic Gnosis,174,7920,2.196969696969697
aestus,104,5129,2.027685708715149
manifold,0,14,0.0
