relay,non_censored_blocks,all_blocks,share
manifold,59,755,7.81456953642384
aestus,638,11281,5.655526992287918
titan,349,7968,4.380020080321286
agnostic Gnosis,1364,58060,2.349293833964864
ultrasound,2252,104442,2.1562206775052184
bloxroute (max profit),22,96026,0.022910461749942723
bloxroute (regulated),1,50237,0.0019905647232119753
eden,0,72,0.0
flashbots,0,39009,0.0
