relay,non_censored_blocks,all_blocks,share
manifold,26,110,23.636363636363637
agnostic Gnosis,681,20030,3.3999001497753367
aestus,261,7740,3.372093023255814
ultrasound,2397,134925,1.7765425236242356
bloxroute (max profit),27,122134,0.02210686622889613
bloxroute (regulated),20,101626,0.019680003148800505
flashbots,0,26042,0.0
