relay,non_censored_blocks,all_blocks,share
manifold,13,97,13.402061855670103
agnostic Gnosis,763,21770,3.5048231511254015
aestus,222,7250,3.0620689655172413
ultrasound,2365,133166,1.7759788534610936
bloxroute (max profit),12,129472,0.009268413247652003
bloxroute (regulated),9,110143,0.00817119562750243
flashbots,0,25426,0.0
