relay,non_censored_blocks,all_blocks,share
manifold,44,621,7.085346215780998
aestus,447,9747,4.586026469682979
ultrasound,2186,120422,1.8152829217252662
titan,156,9250,1.6864864864864864
agnostic Gnosis,786,50930,1.5432947182407226
bloxroute (max profit),2,91796,0.0021787441718593404
bloxroute (regulated),1,77290,0.0012938284383490748
flashbots,0,25274,0.0
eden,0,36,0.0
