relay,non_censored_blocks,all_blocks,share
manifold,13,68,19.11764705882353
agnostic Gnosis,1472,21385,6.883329436520926
aestus,264,5908,4.468517264725795
ultrasound,5951,138421,4.299203155590554
titan,1607,47399,3.3903668853773286
bloxroute (max profit),0,120099,0.0
flashbots,0,20427,0.0
bloxroute (regulated),0,103058,0.0
