relay,non_censored_blocks,all_blocks,share
manifold,113,942,11.995753715498939
aestus,772,11183,6.903335419833676
titan,191,3289,5.807236242018851
agnostic Gnosis,1898,60248,3.1503120435533134
ultrasound,3171,103715,3.0574169599382923
bloxroute (max profit),130,78651,0.16528715464520477
bloxroute (regulated),2,44738,0.004470472528946309
flashbots,0,42609,0.0
eden,0,321,0.0
