relay,non_censored_blocks,all_blocks,share
manifold,4,14,28.57142857142857
agnostic Gnosis,578,10420,5.547024952015355
ultrasound,5728,129907,4.4093081974027575
titan,1658,48564,3.41405156082695
aestus,225,7187,3.130652567135105
bloxroute (regulated),2223,91139,2.4391314365968464
bloxroute (max profit),2497,105085,2.37617167055241
flashbots,262,14599,1.794643468730735
