relay,non_censored_blocks,all_blocks,share
ultrasound,6022,85356,7.055157223862412
bloxroute (regulated),2903,43045,6.744105006388663
bloxroute (max profit),3808,58156,6.547905633124699
titan,911,15580,5.847240051347882
flashbots,525,9812,5.3505911129229515
aestus,154,3079,5.001623903864892
agnostic Gnosis,121,3100,3.903225806451613
