relay,non_censored_blocks,all_blocks,share
manifold,21,82,25.609756097560975
agnostic Gnosis,1255,21098,5.948431130912883
aestus,222,5820,3.814432989690722
ultrasound,5254,139605,3.7634755202177574
titan,1422,45904,3.0977692575810387
bloxroute (max profit),0,121369,0.0
bloxroute (regulated),0,103550,0.0
flashbots,0,21171,0.0
