relay,non_censored_blocks,all_blocks,share
agnostic Gnosis,418,4129,10.12351658997336
ultrasound,5134,50757,10.114861004393482
bloxroute (regulated),2638,27027,9.76060976060976
bloxroute (max profit),3377,36254,9.314834225188944
flashbots,475,5232,9.07874617737003
titan,741,8652,8.564493758668517
aestus,344,4682,7.347287483981205
