relay,non_censored_blocks,all_blocks,share
manifold,17,96,17.708333333333336
agnostic Gnosis,743,20547,3.6160996739183333
aestus,245,7329,3.3428844317096464
ultrasound,2450,133867,1.8301747256605438
bloxroute (max profit),27,124638,0.021662735281374863
bloxroute (regulated),21,105530,0.019899554629015447
flashbots,0,25944,0.0
