relay,non_censored_blocks,all_blocks,share
manifold,13,77,16.883116883116884
agnostic Gnosis,1741,21684,8.028961446227633
aestus,333,6709,4.963481889998509
ultrasound,6800,137338,4.951288063026984
titan,1779,50179,3.545307798082863
flashbots,0,19142,0.0
bloxroute (max profit),0,117475,0.0
bloxroute (regulated),0,101890,0.0
