relay,non_censored_blocks,all_blocks,share
manifold,48,504,9.523809523809524
aestus,351,9301,3.7737877647564777
ultrasound,2250,95329,2.3602471441009554
agnostic Gnosis,890,42292,2.104416910999716
bloxroute (max profit),14,78176,0.01790830945558739
bloxroute (regulated),3,48515,0.006183654539833041
flashbots,0,45867,0.0
eden,0,395,0.0
