relay,non_censored_blocks,all_blocks,share
manifold,50,465,10.75268817204301
aestus,238,8530,2.7901524032825322
agnostic Gnosis,575,26050,2.2072936660268714
ultrasound,2120,107720,1.9680653546230968
titan,219,14931,1.4667470363672896
bloxroute (max profit),2,104802,0.0019083605274708498
bloxroute (regulated),1,78730,0.0012701638511367966
eden,0,258,0.0
flashbots,0,22396,0.0
