relay,non_censored_blocks,all_blocks,share
manifold,30,545,5.5045871559633035
aestus,271,10396,2.6067718353212777
ultrasound,2133,118660,1.7975728973537841
titan,176,11957,1.4719411223551058
agnostic Gnosis,572,41560,1.3763233878729548
bloxroute (regulated),2,75600,0.002645502645502646
bloxroute (max profit),1,87515,0.0011426612580700453
eden,0,14,0.0
flashbots,0,24701,0.0
