relay,non_censored_blocks,all_blocks,share
manifold,23,131,17.557251908396946
agnostic Gnosis,569,19026,2.9906443813728583
aestus,227,7983,2.8435425278717275
ultrasound,2239,135140,1.6568003551872132
bloxroute (max profit),27,118599,0.022765790605317075
bloxroute (regulated),20,96291,0.020770373139753454
flashbots,0,24801,0.0
