relay,non_censored_blocks,all_blocks,share
manifold,24,154,15.584415584415584
agnostic Gnosis,833,20161,4.131739497048757
aestus,285,8661,3.2906130931763076
ultrasound,2861,138091,2.0718222041986802
bloxroute (max profit),3,120030,0.0024993751562109472
bloxroute (regulated),1,92758,0.0010780741283770673
flashbots,0,21801,0.0
