relay,non_censored_blocks,all_blocks,share
manifold,36,374,9.62566844919786
aestus,387,9847,3.9301310043668125
ultrasound,2406,94475,2.546705477639587
bloxroute (max profit),1659,74742,2.2196355462792003
agnostic Gnosis,1177,53440,2.2024700598802394
bloxroute (regulated),5,53121,0.009412473409762617
flashbots,0,62823,0.0
eden,0,482,0.0
