relay,non_censored_blocks,all_blocks,share
agnostic Gnosis,418,1681,24.866151100535397
flashbots,475,1974,24.062816616008107
bloxroute (regulated),2638,11266,23.415586721107758
ultrasound,5134,22188,23.138633495583196
bloxroute (max profit),3377,15363,21.981383844301245
aestus,344,1978,17.391304347826086
titan,741,5351,13.847878901139973
