relay,non_censored_blocks,all_blocks,share
aestus,450,3198,14.071294559099437
titan,742,6160,12.045454545454545
bloxroute (max profit),2226,18797,11.842315263073894
ultrasound,3040,25994,11.695006539970763
agnostic Gnosis,409,3586,11.405465699944227
bloxroute (regulated),948,8896,10.656474820143885
flashbots,256,2663,9.613218174990612
