relay,non_censored_blocks,all_blocks,share
manifold,32,526,6.083650190114068
aestus,288,9585,3.004694835680751
ultrasound,2140,118551,1.8051302814822312
titan,159,11251,1.4132077148697895
agnostic Gnosis,627,45568,1.3759655898876404
bloxroute (regulated),2,76054,0.0026297104688773765
bloxroute (max profit),2,89569,0.002232915405999844
flashbots,0,24605,0.0
eden,0,20,0.0
