relay,non_censored_blocks,all_blocks,share
manifold,35,199,17.587939698492463
bloxroute (max profit),2583,70889,3.643724696356275
aestus,215,8132,2.64387604525332
ultrasound,1842,102619,1.7949892320135645
agnostic Gnosis,1126,66535,1.692342376192981
bloxroute (regulated),6,53269,0.011263586701458633
flashbots,0,64442,0.0
eden,0,310,0.0
