relay,non_censored_blocks,all_blocks,share
manifold,33,224,14.732142857142858
bloxroute (max profit),2655,70544,3.7636085280108866
aestus,227,8567,2.6497023462122096
ultrasound,1930,102719,1.8789123725892969
agnostic Gnosis,1145,65957,1.735979501796625
bloxroute (regulated),5,52520,0.00952018278750952
flashbots,1,63962,0.0015634282855445422
eden,0,307,0.0
