relay,non_censored_blocks,all_blocks,share
ultrasound,3040,65097,4.669954068543865
titan,742,18879,3.9302929180571002
bloxroute (max profit),2226,71879,3.09687113065012
aestus,450,15687,2.8686173264486516
agnostic Gnosis,409,14391,2.8420540615662566
bloxroute (regulated),948,35622,2.6612767390938186
flashbots,256,9763,2.622144832530984
