relay,non_censored_blocks,all_blocks,share
manifold,13,83,15.66265060240964
agnostic Gnosis,731,20241,3.611481646163727
ultrasound,3324,141714,2.345569245099284
aestus,144,6224,2.313624678663239
titan,911,48741,1.8690630065037648
bloxroute (max profit),0,122709,0.0
bloxroute (regulated),0,103025,0.0
flashbots,0,22689,0.0
