relay,non_censored_blocks,all_blocks,share
manifold,4,11,36.36363636363637
agnostic Gnosis,1037,15324,6.767162620725658
ultrasound,5682,119390,4.759192562191139
aestus,398,9173,4.33882045132454
titan,1458,47420,3.0746520455504007
flashbots,55,15063,0.365133107614685
bloxroute (max profit),82,101536,0.08075953356445005
bloxroute (regulated),73,90625,0.08055172413793103
