relay,non_censored_blocks,all_blocks,share
aestus,1015,11833,8.57770641426519
manifold,75,999,7.5075075075075075
titan,697,12384,5.628229974160207
agnostic Gnosis,1731,53322,3.2463148419039043
ultrasound,2820,101698,2.7729158882180576
bloxroute (max profit),9,87878,0.010241471130430824
bloxroute (regulated),6,66230,0.009059338668277215
eden,0,34,0.0
flashbots,0,26605,0.0
