relay,non_censored_blocks,all_blocks,share
manifold,62,739,8.389715832205685
aestus,977,13361,7.312326921637602
titan,463,10967,4.221756177623781
agnostic Gnosis,1382,54211,2.5492981129291103
ultrasound,2481,114476,2.1672665012753765
bloxroute (max profit),2,92576,0.0021603871413757346
bloxroute (regulated),1,74615,0.0013402130938819272
eden,0,41,0.0
flashbots,0,28263,0.0
