relay,non_censored_blocks,all_blocks,share
manifold,36,296,12.162162162162163
bloxroute (max profit),2524,69415,3.6361017071238204
aestus,305,9765,3.1233998975934463
ultrasound,2303,101376,2.271740845959596
agnostic Gnosis,1249,62818,1.9882836129771722
bloxroute (regulated),8,50754,0.01576230444891043
eden,0,485,0.0
flashbots,0,62319,0.0
