relay,non_censored_blocks,all_blocks,share
manifold,19,97,19.587628865979383
agnostic Gnosis,1963,20107,9.762769184860993
aestus,429,5791,7.408046969435331
ultrasound,6635,139298,4.763169607603842
bloxroute (max profit),41,116934,0.03506251389672807
bloxroute (regulated),5,99410,0.0050296750829896385
flashbots,0,21250,0.0
