relay,non_censored_blocks,all_blocks,share
manifold,42,166,25.301204819277107
bloxroute (max profit),2181,71763,3.0391706032356507
aestus,175,7144,2.4496080627099666
ultrasound,1633,102818,1.5882433037016863
agnostic Gnosis,943,65860,1.4318250835104767
bloxroute (regulated),4,54651,0.007319170737955389
flashbots,0,65560,0.0
eden,0,292,0.0
