relay,non_censored_blocks,all_blocks,share
manifold,60,734,8.174386920980927
aestus,704,10919,6.447476875171719
titan,495,9290,5.3283100107642625
agnostic Gnosis,1421,53250,2.6685446009389673
ultrasound,2335,96394,2.422349938792871
bloxroute (max profit),8,87960,0.009095043201455206
bloxroute (regulated),3,53938,0.005561941488375542
eden,0,53,0.0
flashbots,0,31898,0.0
