relay,non_censored_blocks,all_blocks,share
manifold,53,663,7.993966817496228
aestus,245,8833,2.773689573191441
agnostic Gnosis,540,26235,2.0583190394511153
ultrasound,1991,107538,1.8514385612527666
titan,189,13926,1.3571736320551486
bloxroute (max profit),4,102786,0.0038915805654466565
bloxroute (regulated),2,79181,0.0025258584761495813
eden,0,30,0.0
flashbots,0,23408,0.0
