relay,non_censored_blocks,all_blocks,share
aestus,450,7129,6.31224575676813
ultrasound,3040,49346,6.160580391521096
bloxroute (regulated),948,15723,6.0293837053997335
bloxroute (max profit),2226,37278,5.9713503943344595
titan,742,12769,5.810948390633565
agnostic Gnosis,409,7161,5.711492808267002
flashbots,256,5040,5.079365079365079
