relay,non_censored_blocks,all_blocks,share
manifold,15,42,35.714285714285715
agnostic Gnosis,973,18784,5.179940374787053
ultrasound,4832,121929,3.962962051685817
aestus,356,9134,3.8975257280490476
titan,1112,51611,2.154579450117223
bloxroute (regulated),1,95600,0.0010460251046025106
bloxroute (max profit),1,106039,0.0009430492554626129
flashbots,0,15127,0.0
