relay,non_censored_blocks,all_blocks,share
manifold,20,642,3.115264797507788
aestus,223,10936,2.039136795903438
ultrasound,1875,115571,1.6223793166105684
agnostic Gnosis,484,34729,1.393647959918224
titan,157,12388,1.2673555053277366
bloxroute (max profit),4,89209,0.004483852526090417
bloxroute (regulated),3,76061,0.003944202679428354
eden,0,19,0.0
flashbots,0,25414,0.0
