relay,non_censored_blocks,all_blocks,share
manifold,25,621,4.025764895330113
aestus,220,10789,2.0391139123181015
ultrasound,1819,113799,1.5984323236583804
agnostic Gnosis,485,31394,1.544881187488055
titan,153,12901,1.185954577164561
bloxroute (max profit),3,92828,0.003231783513595036
bloxroute (regulated),2,77238,0.002589399000491986
flashbots,0,24739,0.0
eden,0,22,0.0
