relay,non_censored_blocks,all_blocks,share
manifold,4,14,28.57142857142857
agnostic Gnosis,414,8298,4.989154013015185
ultrasound,6454,130867,4.931724575332208
bloxroute (regulated),3570,91477,3.9026203307935328
titan,1862,48220,3.861468270427209
bloxroute (max profit),4020,106511,3.7742580578531797
aestus,180,5613,3.2068412613575625
flashbots,454,15348,2.9580401355225434
