relay,non_censored_blocks,all_blocks,share
ultrasound,5026,107016,4.696493982208268
bloxroute (regulated),2323,52213,4.449083561565128
bloxroute (max profit),3162,73132,4.32368867253733
titan,901,23628,3.8132723886913835
flashbots,469,12666,3.702826464550766
aestus,117,3483,3.359173126614987
agnostic Gnosis,155,5188,2.987663839629915
