relay,non_censored_blocks,all_blocks,share
manifold,15,84,17.857142857142858
agnostic Gnosis,902,20104,4.4866693195384
aestus,184,6151,2.99138351487563
ultrasound,3931,141883,2.770592671426457
titan,1130,46723,2.418509085461122
bloxroute (max profit),3,120286,0.0024940558335965948
bloxroute (regulated),0,100775,0.0
flashbots,0,22359,0.0
