relay,non_censored_blocks,all_blocks,share
agnostic Gnosis,384,8687,4.420398296304824
ultrasound,4496,105173,4.274861418805206
bloxroute (regulated),2186,53245,4.105549816884214
bloxroute (max profit),2807,69265,4.052551793835271
titan,493,12777,3.858495734522971
aestus,277,7190,3.8525730180806677
flashbots,512,14621,3.5018124615279396
