relay,non_censored_blocks,all_blocks,share
titan,988,17900,5.5195530726256985
bloxroute (max profit),2011,76338,2.634336765437921
aestus,351,14159,2.478988629140476
ultrasound,2344,96550,2.4277576385292594
agnostic Gnosis,303,12669,2.3916646933459624
flashbots,282,11918,2.3661688202718576
bloxroute (regulated),949,41330,2.2961529155577063
