relay,non_censored_blocks,all_blocks,share
manifold,10,79,12.658227848101266
agnostic Gnosis,791,18336,4.31391797556719
aestus,228,5973,3.817177297840281
ultrasound,2438,113453,2.1489074771050567
bloxroute (regulated),1,94366,0.0010597037068435667
bloxroute (max profit),1,110914,0.000901599437401951
flashbots,0,20293,0.0
