relay,non_censored_blocks,all_blocks,share
manifold,3,10,30.0
agnostic Gnosis,988,15163,6.5158609773791465
ultrasound,5700,119792,4.758247629223988
aestus,382,9190,4.156692056583243
titan,1475,47681,3.093475388519536
flashbots,60,15014,0.39962701478619955
bloxroute (regulated),291,90622,0.3211140782591424
bloxroute (max profit),304,101615,0.29916842985779657
