relay,non_censored_blocks,all_blocks,share
manifold,59,180,32.77777777777778
aestus,330,5883,5.609382967873533
ultrasound,2820,95960,2.938724468528554
bloxroute (max profit),1690,66743,2.5321007446473787
agnostic Gnosis,1284,56682,2.265269397692389
bloxroute (regulated),9,44255,0.020336685120325385
blocknative,0,19729,0.0
eden,0,1038,0.0
flashbots,0,67379,0.0
