relay,non_censored_blocks,all_blocks,share
manifold,41,577,7.105719237435008
aestus,330,9186,3.5924232527759634
ultrasound,2098,119967,1.7488142572540781
titan,151,9842,1.5342410079252184
agnostic Gnosis,684,49168,1.3911487146111292
bloxroute (max profit),2,90944,0.002199155524278677
bloxroute (regulated),1,76963,0.0012993256499876564
flashbots,0,24999,0.0
eden,0,32,0.0
