relay,non_censored_blocks,all_blocks,share
manifold,69,770,8.96103896103896
aestus,731,14584,5.012342292923752
ultrasound,2236,81239,2.75237262890976
agnostic Gnosis,1247,46158,2.701590190216214
bloxroute (max profit),136,76517,0.1777382803821373
bloxroute (regulated),58,52744,0.10996511451539512
eden,0,619,0.0
flashbots,0,54753,0.0
