relay,non_censored_blocks,all_blocks,share
ultrasound,6022,102732,5.86185414476502
bloxroute (regulated),2903,50029,5.802634472006236
bloxroute (max profit),3808,68740,5.539714867617108
titan,911,18942,4.80941822405237
flashbots,525,11804,4.447644866147068
aestus,154,3548,4.340473506200677
agnostic Gnosis,121,3758,3.2197977647684937
