relay,non_censored_blocks,all_blocks,share
manifold,48,618,7.766990291262135
aestus,508,9971,5.094774847056463
ultrasound,2281,120487,1.8931502983724386
titan,163,9067,1.797728024704974
agnostic Gnosis,873,52005,1.678684741851745
bloxroute (max profit),3,92779,0.003233490337253042
bloxroute (regulated),2,77809,0.0025703967407369327
flashbots,0,25504,0.0
eden,0,35,0.0
