relay,non_censored_blocks,all_blocks,share
manifold,17,81,20.98765432098765
agnostic Gnosis,1394,21445,6.500349731872232
ultrasound,5546,131331,4.222917666049905
aestus,338,8358,4.044029672170376
titan,1094,50475,2.1674096087171866
bloxroute (regulated),0,98949,0.0
bloxroute (max profit),0,111343,0.0
flashbots,0,16745,0.0
