relay,non_censored_blocks,all_blocks,share
manifold,108,800,13.5
titan,115,1726,6.662804171494785
aestus,759,12392,6.124919302775984
ultrasound,3286,107123,3.0675018436750277
agnostic Gnosis,1844,60309,3.057586761511549
bloxroute (max profit),125,77088,0.16215234537152345
bloxroute (regulated),1,45761,0.002185266930355543
eden,0,430,0.0
flashbots,0,47613,0.0
