relay,non_censored_blocks,all_blocks,share
manifold,1,14,7.142857142857142
ultrasound,5833,132539,4.400968771455949
bloxroute (regulated),3892,92346,4.214584280856778
bloxroute (max profit),4439,108110,4.106003144944963
titan,1631,45650,3.5728368017524645
flashbots,459,15455,2.969912649627952
agnostic Gnosis,179,7859,2.2776434660898333
aestus,101,5212,1.9378357636224097
