relay,non_censored_blocks,all_blocks,share
manifold,20,102,19.607843137254903
agnostic Gnosis,1958,20687,9.464881326436894
aestus,412,5952,6.922043010752688
ultrasound,6854,143357,4.781071032457431
bloxroute (max profit),41,119790,0.03422656315218298
bloxroute (regulated),5,102099,0.004897207612219513
flashbots,0,22253,0.0
