relay,non_censored_blocks,all_blocks,share
manifold,21,579,3.6269430051813467
aestus,221,10470,2.110792741165234
agnostic Gnosis,520,30173,1.7233950883239983
ultrasound,1897,113218,1.6755286261901818
titan,171,13192,1.2962401455427532
bloxroute (max profit),3,94854,0.003162755392497944
bloxroute (regulated),2,78078,0.0025615410230794846
eden,0,23,0.0
flashbots,0,24341,0.0
