relay,non_censored_blocks,all_blocks,share
manifold,51,514,9.922178988326849
aestus,415,10713,3.8737981891160276
ultrasound,2378,99298,2.3948115772724528
agnostic Gnosis,992,46239,2.1453751162438635
bloxroute (max profit),24,79051,0.030360147246714143
bloxroute (regulated),2,48956,0.004085301086690089
flashbots,0,47812,0.0
eden,0,412,0.0
