relay,non_censored_blocks,all_blocks,share
manifold,13,74,17.56756756756757
agnostic Gnosis,1741,21823,7.977821564404527
ultrasound,6765,137026,4.937019251820822
aestus,334,6931,4.818929447410186
titan,1781,51174,3.48028295618869
bloxroute (max profit),0,117025,0.0
bloxroute (regulated),0,101660,0.0
flashbots,0,18763,0.0
