relay,non_censored_blocks,all_blocks,share
manifold,19,168,11.30952380952381
agnostic Gnosis,1049,21873,4.795867050701778
aestus,352,8831,3.985958555090024
ultrasound,3369,130424,2.583113537385757
titan,55,2252,2.4422735346358793
eden,4,500,0.8
bloxroute (max profit),2,119612,0.001672073036150219
bloxroute (regulated),1,90574,0.0011040696005476184
flashbots,0,20141,0.0
