relay,non_censored_blocks,all_blocks,share
manifold,55,545,10.091743119266056
aestus,570,11080,5.144404332129964
ultrasound,2689,102194,2.6312699375697206
agnostic Gnosis,1296,51122,2.535112084816713
bloxroute (max profit),80,78621,0.10175398430444793
eden,0,412,0.0
flashbots,0,49178,0.0
bloxroute (regulated),0,47751,0.0
