relay,non_censored_blocks,all_blocks,share
ultrasound,3040,65097,4.669954068543865
titan,742,18879,3.9302929180571002
bloxroute (max profit),2226,66764,3.3341321670361275
aestus,450,14752,3.0504338394793926
agnostic Gnosis,409,13495,3.0307521304186738
bloxroute (regulated),948,32463,2.920247666574254
flashbots,256,8994,2.846342005781632
