relay,non_censored_blocks,all_blocks,share
ultrasound,4543,100708,4.511061683282361
bloxroute (max profit),2980,70579,4.222219073662138
bloxroute (regulated),2232,53794,4.14916161653716
titan,563,14898,3.7790307423815275
agnostic Gnosis,267,7109,3.7558025038683356
aestus,295,8124,3.63121614967996
flashbots,451,13689,3.2946161151289357
