relay,non_censored_blocks,all_blocks,share
manifold,27,175,15.428571428571427
agnostic Gnosis,991,21279,4.657173739367451
aestus,346,8859,3.9056326899198557
ultrasound,3284,134699,2.438028493158821
titan,4,439,0.9111617312072893
bloxroute (max profit),1,120563,0.0008294418685666416
flashbots,0,20684,0.0
bloxroute (regulated),0,91637,0.0
eden,0,84,0.0
