relay,non_censored_blocks,all_blocks,share
manifold,95,446,21.300448430493272
aestus,356,7025,5.067615658362989
ultrasound,2953,92679,3.186266576031248
bloxroute (max profit),1853,67899,2.7290534470316206
agnostic Gnosis,1401,56255,2.4904452937516663
bloxroute (regulated),6,44158,0.01358757190090131
flashbots,0,68525,0.0
blocknative,0,25115,0.0
eden,0,1722,0.0
