relay,non_censored_blocks,all_blocks,share
manifold,37,549,6.739526411657559
aestus,307,9006,3.4088385520763937
ultrasound,2108,119845,1.758938629062539
titan,157,9978,1.5734616155542194
agnostic Gnosis,673,48677,1.3825831501530497
bloxroute (max profit),2,90615,0.002207140098217734
bloxroute (regulated),1,76833,0.0013015240847031875
flashbots,0,24764,0.0
eden,0,30,0.0
