relay,non_censored_blocks,all_blocks,share
manifold,51,636,8.018867924528301
aestus,753,11279,6.676123769837751
titan,318,10133,3.1382611270107565
agnostic Gnosis,1142,53065,2.152077640629417
ultrasound,2424,118166,2.0513514885838564
bloxroute (max profit),2,94042,0.0021267093426341425
bloxroute (regulated),1,77444,0.0012912556169619336
eden,0,39,0.0
flashbots,0,26513,0.0
