relay,non_censored_blocks,all_blocks,share
manifold,11,98,11.224489795918368
agnostic Gnosis,784,21880,3.583180987202925
aestus,227,7209,3.148841725620752
ultrasound,2426,133584,1.8160857587735058
bloxroute (regulated),1,110468,0.0009052395263786799
bloxroute (max profit),1,129876,0.0007699651975730697
flashbots,0,25120,0.0
