relay,non_censored_blocks,all_blocks,share
manifold,19,115,16.52173913043478
agnostic Gnosis,695,20192,3.441957210776545
aestus,245,7473,3.2784691556269236
ultrasound,2337,133912,1.7451759364358683
bloxroute (max profit),27,123627,0.021839889344560656
bloxroute (regulated),20,103750,0.019277108433734938
flashbots,0,26007,0.0
