relay,non_censored_blocks,all_blocks,share
manifold,58,340,17.058823529411764
aestus,311,5843,5.322608249187062
ultrasound,2493,100136,2.489614124790285
bloxroute (max profit),1480,66737,2.2176603683114315
agnostic Gnosis,1087,58085,1.871395368855987
bloxroute (regulated),16,45588,0.03509695533912433
blocknative,0,12059,0.0
flashbots,0,67734,0.0
eden,0,499,0.0
