relay,non_censored_blocks,all_blocks,share
manifold,72,629,11.446740858505565
aestus,728,14048,5.182232346241458
agnostic Gnosis,1322,45845,2.883629621550878
ultrasound,2248,80756,2.7836940908415473
bloxroute (max profit),132,75261,0.17538964403874516
bloxroute (regulated),57,53132,0.1072799819317925
eden,0,558,0.0
flashbots,0,57534,0.0
