relay,non_censored_blocks,all_blocks,share
manifold,15,41,36.58536585365854
agnostic Gnosis,902,17536,5.143704379562044
ultrasound,4882,121184,4.02858463163454
aestus,358,9122,3.924577943433458
titan,1151,49408,2.3295822538860103
bloxroute (regulated),2,94073,0.0021260085252941866
bloxroute (max profit),1,103929,0.0009621953448989214
flashbots,0,15068,0.0
