relay,non_censored_blocks,all_blocks,share
ultrasound,5785,99764,5.7986848963553985
bloxroute (regulated),2939,54131,5.429421218894904
bloxroute (max profit),3806,71737,5.305490890335531
titan,826,18352,4.500871839581517
flashbots,486,11975,4.058455114822547
aestus,229,5756,3.9784572619874914
agnostic Gnosis,127,4302,2.9521152952115295
