relay,non_censored_blocks,all_blocks,share
agnostic Gnosis,418,2245,18.619153674832962
flashbots,475,2629,18.06770635222518
ultrasound,5134,29337,17.50008521662065
bloxroute (regulated),2638,15186,17.371263005399708
bloxroute (max profit),3377,20690,16.321894635089414
aestus,344,2555,13.463796477495107
titan,741,6392,11.59261576971214
