relay,non_censored_blocks,all_blocks,share
manifold,72,220,32.72727272727273
aestus,352,6123,5.748815939898742
ultrasound,2917,95247,3.062563650298697
bloxroute (max profit),1760,66860,2.6323661381992225
agnostic Gnosis,1336,56616,2.3597569591634873
bloxroute (regulated),8,44348,0.018039144944529628
blocknative,0,20856,0.0
flashbots,0,67334,0.0
eden,0,1184,0.0
