relay,non_censored_blocks,all_blocks,share
manifold,60,736,8.152173913043478
aestus,644,11075,5.81489841986456
titan,324,6853,4.727856413249672
agnostic Gnosis,1380,57772,2.388700408502389
ultrasound,2305,104602,2.203590753522877
bloxroute (max profit),27,93652,0.02883013710331867
bloxroute (regulated),2,49070,0.0040758100672508655
eden,0,112,0.0
flashbots,0,37726,0.0
