relay,non_censored_blocks,all_blocks,share
aestus,1040,11983,8.678961862638738
manifold,75,1010,7.425742574257425
titan,715,12412,5.760554302288108
agnostic Gnosis,1741,53323,3.2650075952215745
ultrasound,2840,102035,2.783358651443132
bloxroute (max profit),9,87766,0.010254540482647038
bloxroute (regulated),6,66169,0.009067690308150344
flashbots,0,26799,0.0
eden,0,34,0.0
