relay,non_censored_blocks,all_blocks,share
manifold,35,306,11.437908496732026
bloxroute (max profit),2391,70640,3.3847678369195924
aestus,321,9723,3.30145016970071
ultrasound,2358,100371,2.3492841557820485
agnostic Gnosis,1253,61731,2.0297743435227034
bloxroute (regulated),8,51236,0.015614021391209307
flashbots,0,62443,0.0
eden,0,492,0.0
