relay,non_censored_blocks,all_blocks,share
manifold,50,649,7.704160246533127
aestus,232,9427,2.4610162299777234
agnostic Gnosis,541,26626,2.0318485690678285
ultrasound,1899,110101,1.7247799747504562
titan,189,13558,1.3940109160643164
bloxroute (max profit),4,100172,0.003993131813281156
bloxroute (regulated),2,79710,0.002509095471082675
eden,0,29,0.0
flashbots,0,23862,0.0
