relay,non_censored_blocks,all_blocks,share
agnostic Gnosis,418,7986,5.234159779614325
ultrasound,5134,99736,5.147589636640731
bloxroute (regulated),2638,52084,5.064895169341833
titan,741,15107,4.905010922089098
bloxroute (max profit),3377,68869,4.903512465695741
aestus,344,7559,4.5508665167350175
flashbots,475,11510,4.126846220677671
