relay,non_censored_blocks,all_blocks,share
manifold,75,609,12.31527093596059
aestus,699,13734,5.0895587592835305
agnostic Gnosis,1285,44187,2.90809514110485
ultrasound,2214,80154,2.7621827981136313
bloxroute (max profit),133,76629,0.17356353338814287
bloxroute (regulated),58,54172,0.10706638115631692
eden,0,519,0.0
flashbots,0,58199,0.0
