relay,non_censored_blocks,all_blocks,share
manifold,27,168,16.071428571428573
agnostic Gnosis,840,20323,4.133248044087979
aestus,287,8758,3.2770038821648777
ultrasound,2875,137757,2.0870082827006975
bloxroute (max profit),2,120992,0.0016530018513620736
bloxroute (regulated),0,92013,0.0
flashbots,0,20889,0.0
