relay,non_censored_blocks,all_blocks,share
manifold,24,589,4.074702886247878
aestus,214,10230,2.09188660801564
agnostic Gnosis,512,28799,1.777839508316261
ultrasound,1858,112393,1.6531278638349363
titan,164,13500,1.2148148148148148
bloxroute (max profit),3,96284,0.0031157824768393502
bloxroute (regulated),1,78439,0.0012748760183072198
flashbots,0,24255,0.0
eden,0,24,0.0
