relay,non_censored_blocks,all_blocks,share
manifold,71,813,8.733087330873309
aestus,685,14118,4.851962034282476
agnostic Gnosis,1165,44225,2.634256642170718
ultrasound,2112,80811,2.613505587110666
bloxroute (max profit),135,78839,0.1712350486434379
bloxroute (regulated),57,53471,0.10659983916515493
flashbots,0,54657,0.0
eden,0,582,0.0
