relay,non_censored_blocks,all_blocks,share
manifold,64,678,9.43952802359882
aestus,740,14172,5.221563646627152
ultrasound,2277,80447,2.8304349447462305
agnostic Gnosis,1275,45324,2.8130791633571617
bloxroute (max profit),134,76831,0.17440876729445146
bloxroute (regulated),58,53768,0.10787085255170362
flashbots,0,55326,0.0
eden,0,580,0.0
