relay,non_censored_blocks,all_blocks,share
manifold,104,839,12.395709177592371
aestus,759,12393,6.124425078673445
titan,129,2244,5.748663101604278
agnostic Gnosis,1824,60476,3.0160724915669026
ultrasound,3202,106480,3.007137490608565
bloxroute (max profit),137,76787,0.17841561722687435
bloxroute (regulated),2,46922,0.004262392907378202
flashbots,0,44852,0.0
eden,0,382,0.0
