relay,non_censored_blocks,all_blocks,share
ultrasound,5088,118623,4.289218785564351
bloxroute (regulated),2895,69950,4.138670478913509
bloxroute (max profit),3706,91226,4.0624383399469455
titan,1007,29104,3.4600054975261134
flashbots,507,14780,3.4303112313937754
aestus,126,4873,2.5856761748409602
agnostic Gnosis,189,7594,2.488806952857519
manifold,0,5,0.0
