relay,non_censored_blocks,all_blocks,share
aestus,450,5303,8.485762775787292
ultrasound,3040,38799,7.835253485914586
bloxroute (max profit),2226,28904,7.701356213672848
bloxroute (regulated),948,12533,7.564030958270167
titan,742,9938,7.4662910042262025
agnostic Gnosis,409,5591,7.3153282060454305
flashbots,256,3885,6.589446589446589
