relay,non_censored_blocks,all_blocks,share
manifold,62,841,7.37217598097503
aestus,557,13111,4.2483410876363354
ultrasound,1896,81031,2.3398452444126323
agnostic Gnosis,960,41780,2.297750119674485
bloxroute (max profit),134,80903,0.16563044633697144
bloxroute (regulated),58,54152,0.10710592406559315
flashbots,1,52983,0.0018873978445916614
eden,0,559,0.0
