relay,non_censored_blocks,all_blocks,share
manifold,60,757,7.926023778071334
aestus,700,11532,6.070065903572668
titan,496,9673,5.12767497157035
agnostic Gnosis,1416,57135,2.4783407718561303
ultrasound,2325,103317,2.250355701385058
bloxroute (max profit),8,94647,0.008452460194195273
bloxroute (regulated),3,56187,0.00533931336430135
flashbots,0,34616,0.0
eden,0,56,0.0
