relay,non_censored_blocks,all_blocks,share
manifold,10,73,13.698630136986301
agnostic Gnosis,791,17037,4.642836180078652
aestus,228,5499,4.14620840152755
ultrasound,2438,104812,2.326069534022822
bloxroute (regulated),1,87253,0.0011460923979691243
bloxroute (max profit),1,102521,0.0009754099160172063
flashbots,0,18538,0.0
