relay,non_censored_blocks,all_blocks,share
manifold,20,101,19.801980198019802
agnostic Gnosis,1966,20529,9.576696380729699
aestus,415,5896,7.0386702849389415
ultrasound,6768,143661,4.711090692672333
bloxroute (max profit),41,119911,0.034192025752433054
bloxroute (regulated),5,102071,0.004898551008611652
flashbots,0,22054,0.0
