relay,non_censored_blocks,all_blocks,share
manifold,71,813,8.733087330873309
aestus,793,11735,6.757562846186621
titan,577,10281,5.612294523879
agnostic Gnosis,1569,56713,2.7665614585721086
ultrasound,2634,103298,2.5499041607775563
bloxroute (max profit),10,93588,0.010685130572295594
bloxroute (regulated),5,59188,0.008447658309116713
flashbots,0,33059,0.0
eden,0,52,0.0
