relay,non_censored_blocks,all_blocks,share
manifold,103,907,11.356119073869902
aestus,649,10569,6.140599867537136
titan,265,5091,5.205264191710862
agnostic Gnosis,1530,59029,2.5919463314641957
ultrasound,2606,103931,2.507432816002925
bloxroute (max profit),57,83596,0.06818508062586727
bloxroute (regulated),1,44740,0.002235136343316942
eden,0,242,0.0
flashbots,0,38202,0.0
