relay,non_censored_blocks,all_blocks,share
manifold,109,901,12.097669256381797
aestus,768,11643,6.596238082968307
titan,174,2891,6.018678657903839
agnostic Gnosis,1888,60852,3.1026096102018013
ultrasound,3154,104697,3.0125027460194653
bloxroute (max profit),135,78008,0.17305917341811097
bloxroute (regulated),2,44784,0.004465880671668453
eden,0,338,0.0
flashbots,0,43797,0.0
