relay,non_censored_blocks,all_blocks,share
manifold,10,38,26.31578947368421
agnostic Gnosis,919,16751,5.4862396274849266
ultrasound,5078,120953,4.198324969202914
aestus,355,9065,3.916161059018202
titan,1172,47774,2.453217231129903
flashbots,0,15015,0.0
bloxroute (max profit),0,102736,0.0
bloxroute (regulated),0,93185,0.0
