relay,non_censored_blocks,all_blocks,share
ultrasound,3040,65097,4.669954068543865
titan,742,18879,3.9302929180571002
bloxroute (max profit),2226,76410,2.9132312524538673
agnostic Gnosis,409,15489,2.6405836400025824
aestus,450,17295,2.6019080659150045
bloxroute (regulated),948,38376,2.470293933708568
flashbots,256,10824,2.3651145602365116
