relay,non_censored_blocks,all_blocks,share
agnostic Gnosis,418,8279,5.048918951564199
ultrasound,5134,103283,4.97080836149221
bloxroute (regulated),2638,53612,4.920540177572185
bloxroute (max profit),3377,70758,4.7726052177845615
titan,741,15618,4.744525547445255
aestus,344,7757,4.434704138197757
flashbots,475,12123,3.918172069619731
