relay,non_censored_blocks,all_blocks,share
manifold,102,658,15.501519756838904
titan,101,1126,8.969804618117228
aestus,738,11920,6.191275167785235
ultrasound,3266,104077,3.138061243118076
agnostic Gnosis,1784,57870,3.08277172973907
bloxroute (max profit),123,78222,0.15724476489990027
bloxroute (regulated),5,45728,0.010934219734079776
flashbots,1,49504,0.002020038784744667
eden,0,430,0.0
