relay,non_censored_blocks,all_blocks,share
manifold,53,696,7.614942528735632
aestus,236,9187,2.568847284205943
agnostic Gnosis,530,26455,2.0034020034020035
ultrasound,1938,109078,1.7767102440455453
titan,183,13615,1.344105765699596
bloxroute (max profit),4,100953,0.0039622398541895735
bloxroute (regulated),2,79697,0.002509504749237738
flashbots,0,23987,0.0
eden,0,27,0.0
