relay,non_censored_blocks,all_blocks,share
manifold,35,205,17.073170731707318
bloxroute (max profit),2587,70538,3.6675267231846664
aestus,225,8229,2.7342325920524972
ultrasound,1854,102818,1.8031862125308797
agnostic Gnosis,1135,66584,1.7046137210140575
bloxroute (regulated),5,52984,0.009436811112788768
flashbots,1,64417,0.0015523852399211388
eden,0,310,0.0
