relay,non_censored_blocks,all_blocks,share
manifold,30,538,5.5762081784386615
aestus,254,10514,2.4158265170249194
ultrasound,2070,118760,1.743011114853486
titan,178,12095,1.4716825134353038
agnostic Gnosis,545,40874,1.3333659539071292
bloxroute (regulated),2,75602,0.002645432660511627
bloxroute (max profit),1,87343,0.0011449114411000308
eden,0,13,0.0
flashbots,0,24819,0.0
