relay,non_censored_blocks,all_blocks,share
manifold,54,312,17.307692307692307
aestus,321,5690,5.641476274165202
ultrasound,2650,99603,2.660562432858448
bloxroute (max profit),1585,66708,2.376026863344726
agnostic Gnosis,1169,57942,2.017534776155466
bloxroute (regulated),13,45304,0.02869503796574254
eden,0,504,0.0
blocknative,0,13265,0.0
flashbots,0,67522,0.0
