relay,non_censored_blocks,all_blocks,share
manifold,40,162,24.691358024691358
aestus,226,6712,3.367103694874851
bloxroute (max profit),2273,73414,3.0961397008744926
ultrasound,1737,103030,1.6859167232844803
agnostic Gnosis,953,64396,1.4799055841977762
bloxroute (regulated),2,55111,0.003629039574676562
eden,0,290,0.0
flashbots,0,66397,0.0
