relay,non_censored_blocks,all_blocks,share
ultrasound,5235,105340,4.969622175811658
bloxroute (regulated),2305,48922,4.711581701483994
bloxroute (max profit),3180,69729,4.5605128425762596
titan,930,22523,4.1291124628157885
flashbots,443,11992,3.6941294196130756
aestus,109,3152,3.4581218274111674
agnostic Gnosis,136,4490,3.0289532293986636
