relay,non_censored_blocks,all_blocks,share
manifold,65,852,7.629107981220658
aestus,447,11693,3.822799965791499
ultrasound,1903,85069,2.237007605590756
agnostic Gnosis,804,40375,1.9913312693498453
bloxroute (max profit),56,79857,0.07012534906144734
bloxroute (regulated),25,52860,0.04729474082482028
eden,0,540,0.0
flashbots,0,50097,0.0
