relay,non_censored_blocks,all_blocks,share
manifold,36,309,11.650485436893204
aestus,344,9701,3.5460261828677453
bloxroute (max profit),2261,72568,3.115698379450998
ultrasound,2389,98328,2.429623301602799
agnostic Gnosis,1280,60517,2.115108151428524
bloxroute (regulated),7,51887,0.013490855127488582
flashbots,1,62363,0.001603514904671039
eden,0,496,0.0
