relay,non_censored_blocks,all_blocks,share
ultrasound,5206,99527,5.230741406854421
bloxroute (regulated),2675,54715,4.888970117883579
bloxroute (max profit),3471,71544,4.851559879235156
titan,719,16443,4.372681384175637
aestus,302,7521,4.015423480920091
flashbots,489,12301,3.9752865620681246
agnostic Gnosis,229,5944,3.8526244952893673
