relay,non_censored_blocks,all_blocks,share
manifold,65,797,8.155583437892096
aestus,636,11425,5.566739606126914
titan,283,5969,4.741162673814709
agnostic Gnosis,1386,58255,2.3791949188910824
ultrasound,2319,105508,2.1979375971490316
bloxroute (max profit),33,88936,0.03710533417288837
bloxroute (regulated),3,47947,0.006256908669989781
eden,0,184,0.0
flashbots,0,37175,0.0
