relay,non_censored_blocks,all_blocks,share
manifold,52,651,7.987711213517665
aestus,239,8765,2.7267541357672562
agnostic Gnosis,536,26533,2.020125880978404
ultrasound,1993,107451,1.8547989316060345
titan,197,14380,1.3699582753824757
bloxroute (max profit),5,103158,0.004846933829659358
bloxroute (regulated),2,78738,0.002540069597906983
eden,0,27,0.0
flashbots,0,23300,0.0
