relay,non_censored_blocks,all_blocks,share
manifold,72,633,11.374407582938389
aestus,748,14207,5.265010206236362
agnostic Gnosis,1335,46111,2.895187699247468
ultrasound,2309,80522,2.867539306028166
bloxroute (max profit),132,75463,0.17492015954838797
bloxroute (regulated),57,53240,0.10706235912847484
flashbots,0,57149,0.0
eden,0,576,0.0
