relay,non_censored_blocks,all_blocks,share
manifold,4,14,28.57142857142857
agnostic Gnosis,968,15596,6.206719671710695
ultrasound,5424,119200,4.550335570469799
aestus,376,9165,4.102564102564102
titan,1357,47094,2.881471100352486
flashbots,24,14899,0.1610846365527888
bloxroute (regulated),4,90880,0.0044014084507042256
bloxroute (max profit),3,101057,0.0029686216689591024
