relay,non_censored_blocks,all_blocks,share
ultrasound,3040,65097,4.669954068543865
bloxroute (max profit),2226,53376,4.1704136690647475
aestus,450,11344,3.966854724964739
titan,742,18879,3.9302929180571002
agnostic Gnosis,409,10692,3.8252899364010475
bloxroute (regulated),948,24829,3.8181159128438518
flashbots,256,7060,3.6260623229461753
