relay,non_censored_blocks,all_blocks,share
manifold,44,409,10.757946210268948
aestus,276,8365,3.299462044231919
agnostic Gnosis,692,25213,2.74461587276405
ultrasound,2460,106123,2.318064886970779
titan,258,14340,1.7991631799163181
eden,4,776,0.5154639175257731
bloxroute (max profit),3,105153,0.002852985649482183
bloxroute (regulated),2,79042,0.0025303003466511475
flashbots,0,21862,0.0
