relay,non_censored_blocks,all_blocks,share
titan,851,14100,6.035460992907801
bloxroute (max profit),1858,75095,2.4741993474931756
ultrasound,2222,94157,2.3598882717163887
aestus,319,13873,2.2994305485475386
bloxroute (regulated),913,40372,2.2614683443971066
agnostic Gnosis,274,12257,2.2354572897120013
flashbots,256,11628,2.2015823873409013
