relay,non_censored_blocks,all_blocks,share
manifold,64,855,7.485380116959065
aestus,536,12465,4.3000401123144805
ultrasound,1931,82305,2.3461515096288195
agnostic Gnosis,919,41175,2.2319368548876746
bloxroute (max profit),132,81772,0.16142444846646775
bloxroute (regulated),55,54011,0.10183110847790265
flashbots,0,51474,0.0
eden,0,546,0.0
