relay,non_censored_blocks,all_blocks,share
manifold,42,398,10.552763819095476
aestus,396,9946,3.981500100542932
ultrasound,2340,93219,2.5102178740385543
agnostic Gnosis,1097,50478,2.1732239787630254
bloxroute (max profit),1387,75192,1.844611128843494
bloxroute (regulated),5,53487,0.009348065885168358
flashbots,0,62980,0.0
eden,0,496,0.0
