relay,non_censored_blocks,all_blocks,share
manifold,59,207,28.502415458937197
aestus,339,5618,6.0341758632965465
ultrasound,2819,98223,2.8699998981908514
bloxroute (max profit),1688,66755,2.5286495393603476
agnostic Gnosis,1262,57614,2.190439823653973
bloxroute (regulated),13,44485,0.029223333707991458
blocknative,0,16485,0.0
flashbots,0,67227,0.0
eden,0,728,0.0
