relay,non_censored_blocks,all_blocks,share
manifold,34,297,11.447811447811448
bloxroute (max profit),2462,68583,3.5898108860796403
aestus,305,9521,3.2034450162798023
ultrasound,2319,98434,2.3558932889042405
agnostic Gnosis,1244,60639,2.0514850178927753
bloxroute (regulated),8,49746,0.016081695010654123
eden,0,473,0.0
flashbots,0,60948,0.0
