relay,non_censored_blocks,all_blocks,share
manifold,42,595,7.0588235294117645
aestus,362,9366,3.8650437753576767
ultrasound,2090,120169,1.739217269012807
titan,147,9591,1.5326868939630904
agnostic Gnosis,707,49619,1.4248574134907999
bloxroute (max profit),2,91190,0.0021932229411119643
bloxroute (regulated),1,77142,0.0012963106997485158
flashbots,0,25102,0.0
eden,0,32,0.0
