relay,non_censored_blocks,all_blocks,share
manifold,24,134,17.91044776119403
agnostic Gnosis,702,19594,3.5827294069613145
aestus,260,8577,3.031362947417512
ultrasound,2597,137565,1.887834841711191
bloxroute (max profit),28,119785,0.023375213924948866
bloxroute (regulated),20,94484,0.021167605097159307
flashbots,0,23082,0.0
