relay,non_censored_blocks,all_blocks,share
manifold,10,98,10.204081632653061
agnostic Gnosis,785,21911,3.5826753685363517
aestus,221,7164,3.0848687883863763
ultrasound,2426,133581,1.8161265449427688
bloxroute (regulated),1,110750,0.0009029345372460497
bloxroute (max profit),1,130208,0.0007680019660850331
flashbots,0,25008,0.0
