relay,non_censored_blocks,all_blocks,share
manifold,45,738,6.097560975609756
aestus,637,11468,5.554586675967911
titan,402,8877,4.528556944913823
agnostic Gnosis,1308,57277,2.2836391570787575
ultrasound,2189,104272,2.0993171704772133
bloxroute (max profit),8,95765,0.008353782697227589
bloxroute (regulated),3,54989,0.005455636581861827
eden,0,63,0.0
flashbots,0,36483,0.0
