relay,non_censored_blocks,all_blocks,share
titan,988,17900,5.5195530726256985
bloxroute (max profit),2157,72933,2.9575089465673976
aestus,386,13695,2.8185469149324573
agnostic Gnosis,336,12088,2.7796161482461947
flashbots,316,11441,2.761996328992221
ultrasound,2542,92950,2.734803657880581
bloxroute (regulated),1027,39368,2.608717740296688
