relay,non_censored_blocks,all_blocks,share
ultrasound,5202,105784,4.917567874158664
bloxroute (regulated),2350,50056,4.694741889084226
bloxroute (max profit),3222,70892,4.544941601309033
titan,935,22876,4.0872530162615845
flashbots,452,12218,3.6994598133900802
aestus,114,3285,3.4703196347031966
agnostic Gnosis,145,4682,3.096967108073473
