relay,non_censored_blocks,all_blocks,share
manifold,16,77,20.77922077922078
agnostic Gnosis,1315,21287,6.177479212665006
ultrasound,5355,130429,4.10568201856949
aestus,335,8544,3.920880149812734
titan,1059,50896,2.080713612071676
flashbots,0,16547,0.0
bloxroute (regulated),0,98654,0.0
bloxroute (max profit),0,110917,0.0
