relay,non_censored_blocks,all_blocks,share
manifold,77,542,14.206642066420663
aestus,681,11280,6.037234042553191
ultrasound,3138,102053,3.0748728601804944
agnostic Gnosis,1632,53332,3.0600765019125475
bloxroute (max profit),107,79309,0.13491533117300686
bloxroute (regulated),1,47043,0.002125714771591948
flashbots,0,49366,0.0
eden,0,419,0.0
