relay,non_censored_blocks,all_blocks,share
manifold,48,407,11.793611793611793
aestus,405,10172,3.981517892253244
ultrasound,2290,90943,2.518060763335276
agnostic Gnosis,1059,47920,2.209933222036728
bloxroute (max profit),1059,75686,1.3992019660174932
bloxroute (regulated),5,54249,0.0092167597559402
eden,0,522,0.0
flashbots,0,62045,0.0
