relay,non_censored_blocks,all_blocks,share
ultrasound,5053,119478,4.229230485947204
bloxroute (regulated),2939,71657,4.1014834559080064
bloxroute (max profit),3711,92657,4.005094056574246
titan,1030,29857,3.4497772716615867
flashbots,497,14919,3.3313224746966954
aestus,119,4854,2.4515863205603625
agnostic Gnosis,181,7579,2.3881778598759733
manifold,0,5,0.0
