relay,non_censored_blocks,all_blocks,share
manifold,23,130,17.692307692307693
agnostic Gnosis,598,19286,3.1006948045214147
aestus,233,7883,2.955727514905493
ultrasound,2298,134955,1.7027898188284984
bloxroute (max profit),27,119593,0.022576572207403445
bloxroute (regulated),20,97507,0.02051134790322746
flashbots,0,25069,0.0
