relay,non_censored_blocks,all_blocks,share
manifold,52,529,9.829867674858223
aestus,504,11086,4.546274580552048
ultrasound,2443,101769,2.400534543918089
agnostic Gnosis,1100,49789,2.2093233445138485
bloxroute (max profit),62,77970,0.07951776324227267
eden,0,392,0.0
flashbots,0,48973,0.0
bloxroute (regulated),0,47519,0.0
