relay,non_censored_blocks,all_blocks,share
manifold,63,849,7.420494699646643
aestus,554,12905,4.292909724912825
ultrasound,1925,81283,2.368268887713298
agnostic Gnosis,950,41687,2.2788879027034805
bloxroute (max profit),136,81270,0.16734342315737663
bloxroute (regulated),59,54455,0.10834634101551739
flashbots,0,52255,0.0
eden,0,557,0.0
