relay,non_censored_blocks,all_blocks,share
manifold,112,599,18.697829716193656
aestus,335,8044,4.164594728990552
ultrasound,2766,86608,3.1937003510068354
bloxroute (max profit),1967,70258,2.7996811750974975
agnostic Gnosis,1400,54502,2.5687130747495504
bloxroute (regulated),5,43594,0.011469468275450749
flashbots,0,66196,0.0
blocknative,0,32772,0.0
eden,0,2440,0.0
