relay,non_censored_blocks,all_blocks,share
ultrasound,5024,100818,4.983237120355493
bloxroute (max profit),3304,70316,4.698788326981057
bloxroute (regulated),2523,54004,4.671876157321679
titan,677,15556,4.352018513756749
aestus,323,8024,4.025423728813559
agnostic Gnosis,248,6374,3.8908064010040793
flashbots,478,12958,3.6888408705047073
