relay,non_censored_blocks,all_blocks,share
aestus,1160,13690,8.473338203067932
manifold,65,951,6.8349106203995795
titan,690,12926,5.338078291814947
agnostic Gnosis,1731,53233,3.2517423402776475
ultrasound,2812,105305,2.670338540430179
bloxroute (regulated),4,67887,0.005892144298613873
bloxroute (max profit),5,89938,0.005559385354355222
flashbots,0,29040,0.0
eden,0,35,0.0
