relay,non_censored_blocks,all_blocks,share
manifold,8,82,9.75609756097561
agnostic Gnosis,1325,20079,6.59893420987101
aestus,271,5959,4.547742909884208
ultrasound,5210,142139,3.6654260969895667
titan,1365,44843,3.0439533483486834
bloxroute (max profit),8,120140,0.006658897952388879
bloxroute (regulated),1,100453,0.0009954904283595314
flashbots,0,21667,0.0
