relay,non_censored_blocks,all_blocks,share
manifold,41,160,25.624999999999996
bloxroute (max profit),2126,71291,2.9821436085901447
aestus,179,7585,2.3599208965062624
ultrasound,1583,102704,1.5413226359245988
agnostic Gnosis,914,66604,1.372289952555402
bloxroute (regulated),4,54101,0.007393578676919095
eden,0,291,0.0
flashbots,0,65322,0.0
