relay,non_censored_blocks,all_blocks,share
manifold,43,737,5.834464043419267
aestus,658,11449,5.747226832037732
titan,441,9136,4.827057793345009
agnostic Gnosis,1346,57263,2.3505579519061173
ultrasound,2256,104600,2.1567877629063097
bloxroute (max profit),10,95389,0.010483389070018556
bloxroute (regulated),4,55165,0.007250974349678238
flashbots,1,36003,0.0027775463155848123
eden,0,58,0.0
