relay,non_censored_blocks,all_blocks,share
manifold,27,112,24.107142857142858
agnostic Gnosis,686,20104,3.4122562674094707
aestus,257,7669,3.3511539966097272
ultrasound,2398,134636,1.7810986660328592
bloxroute (max profit),27,122568,0.022028588212257685
bloxroute (regulated),20,102194,0.01957062058437873
flashbots,0,26160,0.0
