relay,non_censored_blocks,all_blocks,share
manifold,105,726,14.46280991735537
titan,106,1374,7.714701601164483
aestus,753,12019,6.26508028954156
ultrasound,3286,105028,3.128689492325856
agnostic Gnosis,1829,58859,3.107426221988141
bloxroute (max profit),124,76576,0.16193063100710406
bloxroute (regulated),1,45035,0.0022204951704230045
flashbots,0,48283,0.0
eden,0,476,0.0
