relay,non_censored_blocks,all_blocks,share
manifold,58,421,13.77672209026128
aestus,404,10183,3.967396641461259
ultrasound,2084,88027,2.3674554398082406
agnostic Gnosis,978,44523,2.1966174786065626
bloxroute (max profit),423,75307,0.5617007715086246
bloxroute (regulated),5,54921,0.009103985724950385
flashbots,0,61277,0.0
eden,0,601,0.0
