relay,non_censored_blocks,all_blocks,share
manifold,36,289,12.45674740484429
bloxroute (max profit),2568,67621,3.7976368287957882
aestus,293,9522,3.077084646082756
ultrasound,2244,99178,2.2625985601645526
agnostic Gnosis,1230,61702,1.9934524002463452
bloxroute (regulated),8,49392,0.016196954972465177
flashbots,0,60769,0.0
eden,0,459,0.0
