relay,non_censored_blocks,all_blocks,share
aestus,1102,12817,8.597955839900132
manifold,76,1003,7.577268195413758
titan,739,12661,5.836821736039807
agnostic Gnosis,1771,53009,3.34094210417099
ultrasound,2870,102739,2.793486407303945
bloxroute (max profit),8,88753,0.009013779815893548
bloxroute (regulated),5,66548,0.007513373805373565
eden,0,38,0.0
flashbots,0,27794,0.0
