relay,non_censored_blocks,all_blocks,share
agnostic Gnosis,374,8751,4.273797280310822
ultrasound,4541,106929,4.246743166026055
bloxroute (regulated),2288,55360,4.132947976878612
bloxroute (max profit),2878,71639,4.0173648431720155
titan,483,12771,3.782006107587503
aestus,276,7468,3.6957686127477234
flashbots,487,14994,3.24796585300787
