relay,non_censored_blocks,all_blocks,share
manifold,38,356,10.674157303370785
aestus,389,9798,3.9701979995917536
bloxroute (max profit),2027,73487,2.758310993781213
ultrasound,2521,95985,2.6264520497994477
agnostic Gnosis,1292,56586,2.283250273919344
bloxroute (regulated),7,52421,0.013353427061673756
flashbots,0,63044,0.0
eden,0,479,0.0
