relay,non_censored_blocks,all_blocks,share
manifold,60,544,11.029411764705882
aestus,598,11243,5.318865071600107
ultrasound,2799,102484,2.731158034424886
agnostic Gnosis,1386,51853,2.6729408134534163
bloxroute (max profit),86,79047,0.10879603274001542
flashbots,0,49430,0.0
bloxroute (regulated),0,47337,0.0
eden,0,424,0.0
