relay,non_censored_blocks,all_blocks,share
ultrasound,4561,114509,3.983093031988752
bloxroute (regulated),2416,63667,3.7947445301333502
bloxroute (max profit),3232,85394,3.78480923718294
titan,857,26454,3.239585695925002
flashbots,433,14043,3.083386740724916
aestus,116,4720,2.457627118644068
agnostic Gnosis,176,7180,2.4512534818941503
manifold,0,4,0.0
