relay,non_censored_blocks,all_blocks,share
ultrasound,5953,100361,5.931586971034565
bloxroute (regulated),2998,53720,5.580789277736411
bloxroute (max profit),3861,71213,5.421762880372966
titan,873,18636,4.684481648422408
flashbots,497,12068,4.1183294663573085
aestus,221,5599,3.94713341668155
agnostic Gnosis,130,4313,3.0141432877347554
