relay,non_censored_blocks,all_blocks,share
manifold,49,464,10.560344827586206
aestus,364,8791,4.140598339210556
ultrasound,2275,89545,2.5406220336143837
agnostic Gnosis,910,40069,2.2710823828895155
bloxroute (max profit),14,72767,0.019239490428353514
bloxroute (regulated),3,44869,0.006686130736142994
eden,0,379,0.0
flashbots,0,42911,0.0
