relay,non_censored_blocks,all_blocks,share
manifold,58,712,8.146067415730338
aestus,639,11050,5.782805429864253
titan,338,7231,4.674318904715807
agnostic Gnosis,1362,58439,2.330635363370352
ultrasound,2266,105164,2.1547297554296145
bloxroute (max profit),26,94228,0.02759264762066477
bloxroute (regulated),2,49009,0.004080883103103511
eden,0,95,0.0
flashbots,0,38388,0.0
