relay,non_censored_blocks,all_blocks,share
manifold,67,824,8.13106796116505
aestus,420,11265,3.7283621837549936
ultrasound,1894,86105,2.1996399744498
agnostic Gnosis,767,39921,1.9212945567495805
bloxroute (max profit),32,79352,0.040326645831232986
bloxroute (regulated),11,52410,0.0209883609998092
eden,0,534,0.0
flashbots,0,49767,0.0
