relay,non_censored_blocks,all_blocks,share
manifold,4,12,33.33333333333333
agnostic Gnosis,695,11872,5.85411051212938
ultrasound,5567,129521,4.298144702403471
aestus,276,8147,3.3877500920584267
titan,1454,47688,3.0489850696191914
bloxroute (regulated),1502,91064,1.6493894403935692
bloxroute (max profit),1643,103908,1.5812064518612619
flashbots,188,14373,1.3080080706880957
