relay,non_censored_blocks,all_blocks,share
manifold,4,8,50.0
agnostic Gnosis,949,14787,6.417799418408062
ultrasound,5746,120777,4.757528337348998
aestus,371,9340,3.972162740899358
titan,1524,48601,3.135737947778852
bloxroute (regulated),560,90402,0.6194553217849162
bloxroute (max profit),579,101848,0.5684942266907548
flashbots,71,14944,0.47510706638115635
