relay,non_censored_blocks,all_blocks,share
manifold,40,156,25.64102564102564
bloxroute (max profit),2108,71029,2.9678018837376285
aestus,180,7650,2.3529411764705883
ultrasound,1566,102608,1.5261967877748324
agnostic Gnosis,920,66640,1.3805522208883554
bloxroute (regulated),4,53851,0.0074279029173088705
flashbots,0,65192,0.0
eden,0,297,0.0
