relay,non_censored_blocks,all_blocks,share
ultrasound,5920,102838,5.7566269277893385
bloxroute (regulated),2817,49768,5.660263623211702
bloxroute (max profit),3758,68730,5.467772442892478
titan,896,18930,4.733227680929741
flashbots,515,11826,4.354811432437003
aestus,142,3364,4.2211652794292505
agnostic Gnosis,116,3701,3.1342880302620912
