relay,non_censored_blocks,all_blocks,share
manifold,4,8,50.0
agnostic Gnosis,780,13248,5.88768115942029
ultrasound,5692,126315,4.506194830384357
aestus,311,8713,3.5693790887180077
titan,1518,48298,3.142987287258272
bloxroute (regulated),1180,91021,1.2964041265202537
bloxroute (max profit),1277,103303,1.2361693271250593
flashbots,145,14790,0.9803921568627451
