relay,non_censored_blocks,all_blocks,share
manifold,75,417,17.985611510791365
aestus,572,11909,4.803090099924427
agnostic Gnosis,1139,42514,2.6791174671872793
ultrasound,2178,82731,2.632628639808536
bloxroute (max profit),10,76722,0.013034071061755428
bloxroute (regulated),6,54792,0.010950503723171266
eden,0,522,0.0
flashbots,0,59433,0.0
