relay,non_censored_blocks,all_blocks,share
manifold,17,99,17.17171717171717
agnostic Gnosis,707,20228,3.495155230373739
aestus,236,7315,3.2262474367737526
ultrasound,2382,133801,1.78025575294654
bloxroute (max profit),28,124262,0.022533035038869484
bloxroute (regulated),21,105007,0.019998666755549628
flashbots,0,25914,0.0
