relay,non_censored_blocks,all_blocks,share
aestus,1049,14028,7.477901340176789
manifold,60,821,7.3081607795371495
titan,501,11605,4.317104696251615
agnostic Gnosis,1480,54716,2.704876087433292
ultrasound,2551,113754,2.2425585034372415
bloxroute (max profit),3,91539,0.0032772916461835935
bloxroute (regulated),2,72633,0.0027535693142235625
eden,0,38,0.0
flashbots,0,29165,0.0
