relay,non_censored_blocks,all_blocks,share
agnostic Gnosis,418,8579,4.872362746240821
ultrasound,5134,106743,4.809683070552636
bloxroute (regulated),2638,55282,4.771896819941392
titan,741,15982,4.636466024277312
bloxroute (max profit),3377,73094,4.62007825539716
aestus,344,7985,4.308077645585473
flashbots,475,12598,3.7704397523416415
