relay,non_censored_blocks,all_blocks,share
manifold,53,331,16.012084592145015
aestus,257,6545,3.9266615737203967
bloxroute (max profit),2293,74663,3.0711329574220163
ultrasound,1872,103841,1.8027561367860478
agnostic Gnosis,993,64393,1.5420930846520584
bloxroute (regulated),9,55104,0.01633275261324042
flashbots,0,67125,0.0
eden,0,345,0.0
