relay,non_censored_blocks,all_blocks,share
manifold,27,174,15.517241379310345
agnostic Gnosis,851,20451,4.16116571316806
aestus,291,8809,3.3034396639800208
ultrasound,2914,137222,2.1235661920100277
bloxroute (max profit),2,120663,0.0016575089298293596
flashbots,0,20693,0.0
bloxroute (regulated),0,91955,0.0
