relay,non_censored_blocks,all_blocks,share
agnostic Gnosis,418,44,950.0
aestus,344,37,929.7297297297297
flashbots,475,52,913.4615384615385
ultrasound,5134,697,736.5853658536586
bloxroute (regulated),2638,366,720.7650273224043
bloxroute (max profit),3377,498,678.1124497991968
titan,741,215,344.6511627906977
