relay,non_censored_blocks,all_blocks,share
agnostic Gnosis,386,8788,4.392353208921256
ultrasound,4584,106268,4.313622162833591
bloxroute (regulated),2205,53482,4.122882465128455
bloxroute (max profit),2787,69382,4.016891989276758
aestus,293,7370,3.975576662143826
titan,486,12768,3.806390977443609
flashbots,503,14812,3.395895220091817
