relay,non_censored_blocks,all_blocks,share
manifold,26,164,15.853658536585366
agnostic Gnosis,823,20185,4.077285112707456
aestus,279,8665,3.2198499711482977
ultrasound,2883,138033,2.088630979548369
bloxroute (max profit),2,120327,0.0016621373424086032
bloxroute (regulated),0,92348,0.0
flashbots,0,21544,0.0
