relay,non_censored_blocks,all_blocks,share
manifold,41,386,10.621761658031089
aestus,395,9935,3.9758429793658783
ultrasound,2363,93531,2.5264350856935134
agnostic Gnosis,1123,51802,2.1678699664105636
bloxroute (max profit),1493,75248,1.9841058898575379
bloxroute (regulated),5,53621,0.009324704873090766
flashbots,0,62884,0.0
eden,0,491,0.0
