relay,non_censored_blocks,all_blocks,share
manifold,59,534,11.04868913857678
aestus,635,11285,5.62693841382366
ultrasound,2937,102298,2.8710238714344367
agnostic Gnosis,1490,52497,2.838257424233766
bloxroute (max profit),97,79253,0.1223928431731291
bloxroute (regulated),1,47116,0.0021224212581713218
eden,0,417,0.0
flashbots,0,49508,0.0
