relay,non_censored_blocks,all_blocks,share
manifold,37,337,10.979228486646884
aestus,364,9792,3.7173202614379086
bloxroute (max profit),2132,73109,2.9161936286914063
ultrasound,2441,97297,2.5088132213737317
agnostic Gnosis,1279,59188,2.160910995472055
bloxroute (regulated),7,52056,0.013447057015521745
eden,0,491,0.0
flashbots,0,62490,0.0
