relay,non_censored_blocks,all_blocks,share
manifold,21,80,26.25
agnostic Gnosis,1235,20940,5.8978032473734485
aestus,224,5796,3.864734299516908
ultrasound,5254,140266,3.7457402364079675
titan,1406,45451,3.0934412884204967
bloxroute (regulated),0,103681,0.0
flashbots,0,21477,0.0
bloxroute (max profit),0,121695,0.0
