relay,non_censored_blocks,all_blocks,share
manifold,56,553,10.126582278481013
aestus,539,11101,4.855418430772002
ultrasound,2547,101950,2.4982834722903386
agnostic Gnosis,1182,50533,2.3390655611184767
bloxroute (max profit),71,78066,0.090948684446494
flashbots,0,49138,0.0
bloxroute (regulated),0,47900,0.0
eden,0,398,0.0
