relay,non_censored_blocks,all_blocks,share
manifold,37,290,12.758620689655173
bloxroute (max profit),2584,69288,3.7293615055998153
aestus,291,9592,3.0337781484570474
ultrasound,2245,102096,2.198910829023664
agnostic Gnosis,1236,63508,1.9462115009132708
bloxroute (regulated),8,50910,0.015714005107051662
flashbots,0,62204,0.0
eden,0,470,0.0
