relay,non_censored_blocks,all_blocks,share
manifold,70,861,8.130081300813007
aestus,628,10971,5.724181934190137
titan,268,5762,4.651162790697675
agnostic Gnosis,1394,58156,2.3970011692688633
ultrasound,2347,104533,2.245223996249988
bloxroute (max profit),32,86045,0.03718984252426056
bloxroute (regulated),1,46057,0.0021712226154547627
flashbots,0,37215,0.0
eden,0,211,0.0
