relay,non_censored_blocks,all_blocks,share
ultrasound,5617,132671,4.233781308650722
bloxroute (regulated),3815,91149,4.185454585349263
bloxroute (max profit),4410,108005,4.083144298875052
titan,1533,43397,3.5325022466990803
flashbots,505,16087,3.1391807049170133
agnostic Gnosis,168,7870,2.1346886912325287
aestus,100,4853,2.06058108386565
manifold,0,12,0.0
