relay,non_censored_blocks,all_blocks,share
ultrasound,5508,98539,5.58966500573377
bloxroute (regulated),2885,54878,5.257115784102919
bloxroute (max profit),3786,73115,5.178144019695001
titan,769,17524,4.388267518831317
aestus,233,5909,3.943137586732104
flashbots,473,12031,3.931510265148367
agnostic Gnosis,127,4272,2.9728464419475653
