relay,non_censored_blocks,all_blocks,share
ultrasound,5793,103261,5.6100560715081205
bloxroute (regulated),2690,48980,5.492037566353614
bloxroute (max profit),3617,68079,5.312945254777538
titan,901,19102,4.716783582870904
flashbots,505,11701,4.315870438424066
aestus,131,3140,4.171974522292993
agnostic Gnosis,116,3609,3.214186755333887
