relay,non_censored_blocks,all_blocks,share
manifold,19,166,11.44578313253012
agnostic Gnosis,1067,21898,4.87259110421043
aestus,355,8779,4.043740744959563
ultrasound,3420,129413,2.6427020469350064
titan,70,2719,2.5744759102611257
eden,4,605,0.6611570247933884
bloxroute (max profit),2,119227,0.0016774723846108683
bloxroute (regulated),1,90191,0.0011087580800745085
flashbots,0,19986,0.0
