relay,non_censored_blocks,all_blocks,share
manifold,66,804,8.208955223880597
aestus,395,10659,3.705788535509898
ultrasound,1937,87841,2.2051206156578362
agnostic Gnosis,744,39353,1.8905801336619825
bloxroute (max profit),21,79188,0.026519169571147142
bloxroute (regulated),4,51863,0.00771262749937335
flashbots,0,48505,0.0
eden,0,580,0.0
