relay,non_censored_blocks,all_blocks,share
manifold,104,807,12.887236679058239
aestus,752,12411,6.059141084521795
titan,125,2106,5.935422602089268
agnostic Gnosis,1801,60586,2.972633941834747
ultrasound,3169,106897,2.964535955171801
bloxroute (max profit),130,76725,0.16943629846855654
bloxroute (regulated),3,46792,0.006411352367926141
flashbots,0,45312,0.0
eden,0,404,0.0
