relay,non_censored_blocks,all_blocks,share
manifold,46,413,11.138014527845035
aestus,313,8557,3.6578240037396283
agnostic Gnosis,768,24857,3.0896729291547653
ultrasound,2693,109522,2.458866711710889
titan,234,12874,1.8176169022836723
eden,4,776,0.5154639175257731
bloxroute (max profit),3,108278,0.0027706459299211288
bloxroute (regulated),2,81365,0.0024580593621335955
flashbots,0,21421,0.0
