relay,non_censored_blocks,all_blocks,share
manifold,53,325,16.307692307692307
aestus,247,6655,3.711495116453794
bloxroute (max profit),2284,74613,3.061128757723185
ultrasound,1816,103477,1.754979367395653
agnostic Gnosis,970,64443,1.5052061511723538
bloxroute (regulated),9,55132,0.01632445766523979
eden,0,332,0.0
flashbots,0,67121,0.0
