relay,non_censored_blocks,all_blocks,share
aestus,830,8966,9.257193843408432
manifold,67,773,8.667529107373868
titan,606,9189,6.594841658504734
agnostic Gnosis,1641,44906,3.654300093528704
ultrasound,2756,83833,3.2874882206291076
bloxroute (max profit),9,73521,0.012241400416207615
bloxroute (regulated),5,53003,0.009433428296511519
flashbots,0,22703,0.0
eden,0,37,0.0
