relay,non_censored_blocks,all_blocks,share
manifold,112,889,12.598425196850393
aestus,763,12254,6.226538273216909
titan,154,2596,5.932203389830509
agnostic Gnosis,1858,60944,3.0487004463113676
ultrasound,3183,105856,3.0069150544135432
bloxroute (max profit),135,77277,0.17469622267945184
bloxroute (regulated),2,45517,0.004393962695256717
eden,0,355,0.0
flashbots,0,44357,0.0
