relay,non_censored_blocks,all_blocks,share
ultrasound,4561,107395,4.246938870524699
bloxroute (regulated),2230,54130,4.119711804914096
agnostic Gnosis,358,8707,4.111634317216033
bloxroute (max profit),2833,70389,4.024776598616261
titan,485,12950,3.7451737451737452
aestus,265,7236,3.662244333886125
flashbots,508,15037,3.3783334441710444
