relay,non_censored_blocks,all_blocks,share
manifold,15,95,15.789473684210526
agnostic Gnosis,780,21520,3.62453531598513
aestus,239,7294,3.2766657526734297
ultrasound,2400,134292,1.7871503887052096
bloxroute (max profit),26,126966,0.02047792322354016
bloxroute (regulated),20,108065,0.01850737981770231
flashbots,0,25694,0.0
