relay,non_censored_blocks,all_blocks,share
manifold,36,153,23.52941176470588
aestus,212,6627,3.199034253810171
bloxroute (max profit),2242,73091,3.0674091201379103
ultrasound,1720,102991,1.670048839218961
agnostic Gnosis,953,64778,1.4711784865232023
bloxroute (regulated),3,55330,0.005422013374299657
flashbots,1,66162,0.0015114416130104892
eden,0,283,0.0
