relay,non_censored_blocks,all_blocks,share
manifold,59,342,17.251461988304094
aestus,346,6411,5.396973951021682
bloxroute (max profit),1635,67231,2.4319138492659635
ultrasound,2375,102535,2.3162822450870433
agnostic Gnosis,1053,58451,1.8015089562197397
bloxroute (regulated),18,47424,0.03795546558704453
flashbots,0,66846,0.0
eden,0,512,0.0
blocknative,0,5416,0.0
