relay,non_censored_blocks,all_blocks,share
manifold,53,655,8.091603053435115
aestus,240,8819,2.7213969837850094
agnostic Gnosis,546,26412,2.0672421626533395
ultrasound,1998,107433,1.859763759738628
titan,189,14139,1.336728198599618
bloxroute (max profit),5,103202,0.004844867347532024
bloxroute (regulated),2,79048,0.0025301082886347538
flashbots,0,23372,0.0
eden,0,29,0.0
