relay,non_censored_blocks,all_blocks,share
manifold,54,330,16.363636363636363
aestus,315,6282,5.014326647564469
bloxroute (max profit),1863,69361,2.68594743443722
ultrasound,2103,103399,2.033868799504831
agnostic Gnosis,958,60546,1.582268027615367
bloxroute (regulated),15,50359,0.029786135546774162
eden,0,451,0.0
flashbots,0,65084,0.0
