relay,non_censored_blocks,all_blocks,share
manifold,37,349,10.601719197707736
aestus,367,9765,3.758320532514081
bloxroute (max profit),2064,73214,2.8191329527139617
ultrasound,2458,96540,2.5460948829500727
agnostic Gnosis,1268,58097,2.1825567585245365
bloxroute (regulated),7,52185,0.013413816230717638
flashbots,0,62745,0.0
eden,0,487,0.0
