relay,non_censored_blocks,all_blocks,share
manifold,111,942,11.78343949044586
aestus,741,10674,6.942102304665543
titan,206,3708,5.555555555555555
agnostic Gnosis,1866,60015,3.109222694326418
ultrasound,3111,103753,2.998467514192361
bloxroute (max profit),104,79328,0.1311012505042356
bloxroute (regulated),2,44442,0.004500247513613249
flashbots,0,40920,0.0
eden,0,304,0.0
