relay,non_censored_blocks,all_blocks,share
manifold,18,89,20.224719101123593
agnostic Gnosis,1532,21914,6.990964680113169
ultrasound,5957,134557,4.427120105234213
aestus,335,7957,4.210129445771019
titan,1304,50632,2.5754463580344447
flashbots,0,17332,0.0
bloxroute (regulated),0,99346,0.0
bloxroute (max profit),0,113306,0.0
