relay,non_censored_blocks,all_blocks,share
manifold,39,273,14.285714285714285
bloxroute (max profit),2655,68192,3.893418582824965
aestus,270,9500,2.8421052631578947
ultrasound,2265,102678,2.2059253199322155
agnostic Gnosis,1252,64555,1.9394314925257534
bloxroute (regulated),6,51004,0.011763783232687633
eden,0,404,0.0
flashbots,0,62247,0.0
