relay,non_censored_blocks,all_blocks,share
manifold,44,412,10.679611650485436
aestus,272,8405,3.236168947055324
agnostic Gnosis,672,25440,2.6415094339622645
ultrasound,2411,106117,2.2720205056682716
titan,266,14825,1.794266441821248
eden,4,777,0.5148005148005148
bloxroute (max profit),3,104761,0.0028636610952549138
bloxroute (regulated),2,78734,0.0025401986435339245
flashbots,0,21912,0.0
