relay,non_censored_blocks,all_blocks,share
manifold,59,339,17.404129793510325
aestus,349,6396,5.456535334584115
bloxroute (max profit),1594,67353,2.366635487654596
ultrasound,2398,102081,2.349114918545077
agnostic Gnosis,1066,58582,1.819671571472466
bloxroute (regulated),18,47192,0.03814205797592812
blocknative,0,6389,0.0
flashbots,0,67069,0.0
eden,0,518,0.0
