relay,non_censored_blocks,all_blocks,share
aestus,1146,13301,8.61589354183896
manifold,67,974,6.878850102669405
titan,719,13230,5.434618291761149
agnostic Gnosis,1743,53082,3.283598960099469
ultrasound,2849,103302,2.7579330506669764
bloxroute (regulated),4,66832,0.0059851568111084505
bloxroute (max profit),5,88858,0.005626955366990029
eden,0,37,0.0
flashbots,0,28274,0.0
