relay,non_censored_blocks,all_blocks,share
manifold,106,754,14.058355437665782
titan,107,1459,7.333790267306374
aestus,753,12247,6.148444517024577
ultrasound,3274,106811,3.0652273642227863
agnostic Gnosis,1826,59784,3.0543289174361035
bloxroute (max profit),124,77712,0.15956351657401688
bloxroute (regulated),1,45828,0.0021820720956620405
eden,0,485,0.0
flashbots,0,48661,0.0
