relay,non_censored_blocks,all_blocks,share
manifold,55,331,16.61631419939577
aestus,291,6295,4.622716441620334
bloxroute (max profit),1935,70174,2.7574315273463106
ultrasound,2011,102773,1.956739610598114
agnostic Gnosis,934,60366,1.5472285723751782
bloxroute (regulated),15,50687,0.029593386864482017
eden,0,430,0.0
flashbots,0,64381,0.0
