relay,non_censored_blocks,all_blocks,share
manifold,100,579,17.271157167530223
aestus,334,7502,4.452146094374833
ultrasound,2838,89472,3.171942060085837
bloxroute (max profit),1904,69033,2.7581011979777785
agnostic Gnosis,1383,54870,2.5205030071077092
bloxroute (regulated),8,43481,0.018398840873025
blocknative,0,28939,0.0
flashbots,0,67471,0.0
eden,0,2039,0.0
