relay,non_censored_blocks,all_blocks,share
manifold,39,278,14.028776978417264
bloxroute (max profit),2635,68139,3.8670952024538074
aestus,274,9522,2.877546733879437
ultrasound,2246,102744,2.1860157284123645
agnostic Gnosis,1239,64184,1.9303876355478002
bloxroute (regulated),7,50900,0.013752455795677802
eden,0,424,0.0
flashbots,0,62062,0.0
