relay,non_censored_blocks,all_blocks,share
ultrasound,5288,97416,5.42826640387616
bloxroute (max profit),3761,73840,5.093445287107259
bloxroute (regulated),2818,55407,5.085999963903478
titan,734,16958,4.328340606203562
flashbots,480,12049,3.983733089882978
aestus,241,6335,3.804262036306235
agnostic Gnosis,142,4661,3.046556532932847
