relay,non_censored_blocks,all_blocks,share
agnostic Gnosis,388,8793,4.412600932559991
ultrasound,4540,105571,4.300423411732389
bloxroute (regulated),2201,53481,4.115480264018998
bloxroute (max profit),2783,69390,4.010664360858914
aestus,290,7334,3.954185983092446
titan,488,12749,3.827751196172249
flashbots,512,14757,3.4695398793792775
