relay,non_censored_blocks,all_blocks,share
manifold,52,333,15.615615615615615
aestus,320,6340,5.047318611987381
bloxroute (max profit),1791,68865,2.6007405793944676
ultrasound,2184,103549,2.1091463944605935
agnostic Gnosis,968,59812,1.618404333578546
bloxroute (regulated),18,50180,0.03587086488640893
flashbots,0,65486,0.0
eden,0,476,0.0
