relay,non_censored_blocks,all_blocks,share
manifold,52,515,10.097087378640776
aestus,434,10923,3.9732674173761784
ultrasound,2387,99741,2.3931983838140787
agnostic Gnosis,1000,46967,2.12915451274299
bloxroute (max profit),33,78859,0.041846840563537456
bloxroute (regulated),2,48916,0.004088641753209584
eden,0,410,0.0
flashbots,0,48163,0.0
