relay,non_censored_blocks,all_blocks,share
manifold,60,757,7.926023778071334
aestus,633,11107,5.699108670207977
titan,321,6715,4.780342516753537
agnostic Gnosis,1370,57407,2.386468549131639
ultrasound,2308,104216,2.2146311506870346
bloxroute (max profit),29,92697,0.0312847233459551
bloxroute (regulated),2,49042,0.0040781371069695364
eden,0,133,0.0
flashbots,0,37234,0.0
