relay,non_censored_blocks,all_blocks,share
manifold,33,596,5.5369127516778525
aestus,206,9846,2.0922201909404836
agnostic Gnosis,501,27451,1.8250701249499106
ultrasound,1825,111479,1.6370796293472312
titan,177,13495,1.3115968877361985
bloxroute (max profit),4,98380,0.004065867046147591
bloxroute (regulated),2,79316,0.0025215593322910888
eden,0,26,0.0
flashbots,0,24056,0.0
