relay,non_censored_blocks,all_blocks,share
agnostic Gnosis,383,8771,4.366662866263824
ultrasound,4617,107073,4.312011431453308
bloxroute (regulated),2335,55636,4.196922855704939
bloxroute (max profit),2911,71962,4.04519051721742
titan,487,12715,3.830121903263862
aestus,279,7594,3.6739531208849088
flashbots,494,14884,3.319000268744961
