relay,non_censored_blocks,all_blocks,share
manifold,15,41,36.58536585365854
agnostic Gnosis,917,17861,5.134091036336151
ultrasound,4887,121190,4.032510933245318
aestus,359,9055,3.9646604086140256
titan,1157,49918,2.317801193958091
bloxroute (regulated),2,94590,0.0021143884131514957
bloxroute (max profit),1,104636,0.0009556940250009556
flashbots,0,15069,0.0
