relay,non_censored_blocks,all_blocks,share
manifold,122,613,19.9021207177814
aestus,334,8306,4.021189501565134
ultrasound,2724,85737,3.177158053115924
bloxroute (max profit),1952,70785,2.75764639401003
agnostic Gnosis,1397,54235,2.575827417719185
bloxroute (regulated),5,43848,0.011403028644407955
flashbots,0,65661,0.0
blocknative,0,33776,0.0
eden,0,2609,0.0
