relay,non_censored_blocks,all_blocks,share
ultrasound,5357,103932,5.154331678405111
bloxroute (regulated),2364,47449,4.982191405509074
bloxroute (max profit),3293,69058,4.7684555011729275
titan,942,21876,4.306088864509051
flashbots,457,11728,3.8966575716234653
aestus,112,2970,3.7710437710437708
agnostic Gnosis,127,4122,3.081028626880155
