relay,non_censored_blocks,all_blocks,share
titan,742,5198,14.274721046556369
aestus,450,3903,11.529592621060722
ultrasound,3040,31720,9.583858764186633
bloxroute (max profit),2226,23351,9.532782321956233
agnostic Gnosis,409,4297,9.518268559460088
bloxroute (regulated),948,11317,8.376778298135548
flashbots,256,3418,7.489760093622001
