relay,non_censored_blocks,all_blocks,share
manifold,67,879,7.622298065984073
aestus,830,11189,7.417999821253016
titan,606,10522,5.759361338148641
agnostic Gnosis,1641,54991,2.9841246749468096
ultrasound,2756,101512,2.7149499566553708
bloxroute (max profit),9,90295,0.009967329309485575
bloxroute (regulated),5,61702,0.00810346504165181
eden,0,49,0.0
flashbots,0,29637,0.0
