relay,non_censored_blocks,all_blocks,share
manifold,10,68,14.705882352941178
agnostic Gnosis,791,15491,5.106190691369182
aestus,228,4948,4.607922392886015
ultrasound,2438,95911,2.5419399234707174
bloxroute (regulated),1,79884,0.001251815131941315
bloxroute (max profit),1,93930,0.0010646225912913873
flashbots,0,16678,0.0
