relay,non_censored_blocks,all_blocks,share
manifold,42,191,21.98952879581152
aestus,237,6766,3.502808158439255
bloxroute (max profit),2297,74042,3.102293292995867
ultrasound,1757,103161,1.70316301703163
agnostic Gnosis,950,64711,1.4680657075304044
bloxroute (regulated),5,55223,0.009054198431812831
eden,0,302,0.0
flashbots,0,67033,0.0
