relay,non_censored_blocks,all_blocks,share
agnostic Gnosis,418,3186,13.119899560577528
ultrasound,5134,40198,12.771779690531867
bloxroute (regulated),2638,21320,12.373358348968106
flashbots,475,3905,12.163892445582587
bloxroute (max profit),3377,28494,11.851617884466906
titan,741,7231,10.24754529110773
aestus,344,3735,9.210174029451137
