relay,non_censored_blocks,all_blocks,share
ultrasound,5089,99907,5.093737175573283
bloxroute (regulated),2588,54669,4.733944282865975
bloxroute (max profit),3364,71225,4.723060723060723
titan,693,16027,4.323953328757722
aestus,306,7732,3.9575788929125713
agnostic Gnosis,237,6109,3.879522016696677
flashbots,474,12418,3.8170397809631185
