relay,non_censored_blocks,all_blocks,share
manifold,51,412,12.37864077669903
aestus,400,10172,3.932363350373574
ultrasound,2244,90511,2.4792566649357535
agnostic Gnosis,1035,47185,2.1934936950302
bloxroute (max profit),978,75448,1.2962570247057577
bloxroute (regulated),5,54051,0.009250522654529981
eden,0,553,0.0
flashbots,0,61982,0.0
