relay,non_censored_blocks,all_blocks,share
manifold,97,576,16.84027777777778
aestus,338,7403,4.56571660137782
ultrasound,2841,90589,3.1361423572398412
bloxroute (max profit),1859,68604,2.7097545332633666
agnostic Gnosis,1364,55045,2.4779725678989917
bloxroute (regulated),8,43502,0.01838995908234104
eden,0,1919,0.0
blocknative,0,27686,0.0
flashbots,0,68048,0.0
