relay,non_censored_blocks,all_blocks,share
manifold,53,329,16.109422492401215
aestus,338,6304,5.361675126903553
bloxroute (max profit),1694,67877,2.495690734711316
ultrasound,2294,103931,2.2072336453993513
agnostic Gnosis,1000,59211,1.6888753778858658
bloxroute (regulated),18,48774,0.03690490835281092
eden,0,510,0.0
flashbots,0,66092,0.0
blocknative,0,1891,0.0
