relay,non_censored_blocks,all_blocks,share
manifold,49,463,10.583153347732182
aestus,244,8505,2.8689006466784246
agnostic Gnosis,582,25955,2.2423425158928914
ultrasound,2146,107676,1.9930160852929157
titan,227,14924,1.521039935674082
bloxroute (max profit),2,105246,0.0019003097504893297
bloxroute (regulated),1,78966,0.0012663678038649546
eden,0,325,0.0
flashbots,0,22452,0.0
