relay,non_censored_blocks,all_blocks,share
manifold,23,147,15.646258503401361
agnostic Gnosis,802,20204,3.9695109879231834
aestus,282,8666,3.2540964689591507
ultrasound,2818,138145,2.039885627420464
bloxroute (max profit),3,119984,0.0025003333777837045
bloxroute (regulated),1,93192,0.0010730534809854923
flashbots,0,22115,0.0
