relay,non_censored_blocks,all_blocks,share
manifold,4,9,44.44444444444444
agnostic Gnosis,801,13614,5.883649184662847
ultrasound,5615,125751,4.465173239179013
aestus,319,8843,3.607373063440009
titan,1507,48901,3.081736569804298
bloxroute (regulated),1071,91063,1.1761088477208086
bloxroute (max profit),1158,103072,1.1234864948773673
flashbots,134,14892,0.8998119795863551
