relay,non_censored_blocks,all_blocks,share
manifold,23,604,3.80794701986755
aestus,215,10794,1.991847322586622
ultrasound,1802,114457,1.5743903824143566
agnostic Gnosis,478,31984,1.4944972486243122
titan,152,12654,1.2012012012012012
bloxroute (max profit),4,91453,0.004373831366931648
bloxroute (regulated),3,76807,0.003905893994037002
flashbots,0,24800,0.0
eden,0,22,0.0
