relay,non_censored_blocks,all_blocks,share
manifold,53,553,9.584086799276673
aestus,239,8633,2.76844665817213
agnostic Gnosis,553,26549,2.0829409770612832
ultrasound,2050,107584,1.9054878048780488
titan,210,14739,1.4247913698351313
bloxroute (max profit),4,103840,0.003852080123266564
bloxroute (regulated),1,78513,0.0012736744233439049
flashbots,0,22930,0.0
eden,0,24,0.0
