relay,non_censored_blocks,all_blocks,share
titan,741,533,139.02439024390242
bloxroute (regulated),2638,20631,12.786583296980272
bloxroute (max profit),3377,34504,9.78727104103872
flashbots,475,5424,8.757374631268437
agnostic Gnosis,418,7091,5.8947962205612745
aestus,344,8643,3.9800995024875623
