relay,non_censored_blocks,all_blocks,share
manifold,25,135,18.51851851851852
agnostic Gnosis,623,18994,3.279983152574497
aestus,243,8284,2.9333655239014966
ultrasound,2475,137859,1.7953126020063979
bloxroute (max profit),27,119245,0.022642458803304122
bloxroute (regulated),20,95009,0.0210506373080445
flashbots,0,23544,0.0
