relay,non_censored_blocks,all_blocks,share
ultrasound,5040,106524,4.731328151402501
bloxroute (regulated),2288,51057,4.481266035998981
bloxroute (max profit),3141,71906,4.3682029316051505
titan,889,23074,3.8528213573719334
flashbots,455,12488,3.6434977578475336
aestus,113,3391,3.3323503391329994
agnostic Gnosis,146,4995,2.9229229229229228
