relay,non_censored_blocks,all_blocks,share
manifold,62,664,9.33734939759036
aestus,742,13957,5.316328723937809
ultrasound,2312,80109,2.886067732714177
agnostic Gnosis,1282,45416,2.8227937290822616
bloxroute (max profit),133,76949,0.17284175232946497
bloxroute (regulated),58,54080,0.10724852071005916
eden,0,589,0.0
flashbots,0,55784,0.0
