relay,non_censored_blocks,all_blocks,share
ultrasound,5673,99211,5.71811593472498
bloxroute (regulated),2899,54464,5.322782021151586
bloxroute (max profit),3771,72432,5.206262425447316
titan,796,18060,4.4075304540420825
flashbots,480,11951,4.016400301230023
aestus,228,5856,3.8934426229508197
agnostic Gnosis,126,4295,2.9336437718277066
