relay,non_censored_blocks,all_blocks,share
manifold,20,166,12.048192771084338
agnostic Gnosis,1129,23187,4.869107689653685
aestus,361,8586,4.204518984393198
ultrasound,3544,123826,2.8620806615734984
titan,126,6160,2.0454545454545454
eden,4,765,0.522875816993464
bloxroute (max profit),3,118274,0.0025364830816578454
bloxroute (regulated),1,87973,0.0011367124003955759
flashbots,0,19586,0.0
