relay,non_censored_blocks,all_blocks,share
manifold,13,79,16.455696202531644
agnostic Gnosis,1719,21587,7.963125955436142
aestus,323,6537,4.941104482178369
ultrasound,6761,137398,4.920741204384344
titan,1772,49785,3.5593050115496636
bloxroute (regulated),0,102063,0.0
flashbots,0,19397,0.0
bloxroute (max profit),0,117891,0.0
