relay,non_censored_blocks,all_blocks,share
manifold,38,161,23.60248447204969
bloxroute (max profit),2457,70888,3.4660309220178305
aestus,205,7973,2.571177724821272
ultrasound,1780,102577,1.7352817883151195
agnostic Gnosis,1084,66646,1.626504216307055
bloxroute (regulated),6,53630,0.011187768040275964
eden,0,301,0.0
flashbots,0,64650,0.0
