relay,non_censored_blocks,all_blocks,share
manifold,18,158,11.39240506329114
agnostic Gnosis,1102,21955,5.019357777271692
aestus,361,8699,4.149902287619266
ultrasound,3534,127399,2.773962119011923
titan,89,3733,2.384141441200107
eden,4,762,0.5249343832020997
bloxroute (max profit),2,118904,0.0016820292000269124
bloxroute (regulated),1,89640,0.0011155734047300313
flashbots,0,19554,0.0
