relay,non_censored_blocks,all_blocks,share
manifold,13,77,16.883116883116884
agnostic Gnosis,1741,21751,8.00422969058894
ultrasound,6797,137268,4.95162747326398
aestus,336,6828,4.92091388400703
titan,1789,50818,3.5204061552993036
flashbots,0,18997,0.0
bloxroute (regulated),0,101682,0.0
bloxroute (max profit),0,117065,0.0
