relay,non_censored_blocks,all_blocks,share
manifold,29,547,5.301645338208409
aestus,281,10180,2.760314341846758
ultrasound,2181,118382,1.8423408964200638
titan,168,11726,1.432713627835579
agnostic Gnosis,594,42693,1.3913287892628767
bloxroute (regulated),2,75560,0.0026469031233456856
bloxroute (max profit),1,87870,0.0011380448389666554
flashbots,0,24618,0.0
eden,0,19,0.0
