relay,non_censored_blocks,all_blocks,share
agnostic Gnosis,374,8469,4.41610579761483
ultrasound,4544,104778,4.336788257076867
bloxroute (regulated),2218,53290,4.162131732032276
bloxroute (max profit),2858,69190,4.130654718890013
titan,505,12808,3.942848219862586
aestus,266,6951,3.826787512588117
flashbots,510,14607,3.4914766892585747
