relay,non_censored_blocks,all_blocks,share
manifold,15,98,15.306122448979592
agnostic Gnosis,756,21606,3.4990280477645097
aestus,229,7272,3.1490649064906493
ultrasound,2330,133718,1.7424729654945483
bloxroute (max profit),26,128042,0.02030583714718608
bloxroute (regulated),20,108931,0.018360246394506615
flashbots,0,25607,0.0
