relay,non_censored_blocks,all_blocks,share
manifold,20,167,11.976047904191617
agnostic Gnosis,1118,22879,4.886577210542418
aestus,366,8618,4.246925040612671
ultrasound,3521,124779,2.821788922815538
titan,121,5552,2.1793948126801155
eden,4,763,0.5242463958060288
bloxroute (max profit),2,118564,0.0016868526702877769
bloxroute (regulated),1,88364,0.0011316825856683716
flashbots,0,19692,0.0
