relay,non_censored_blocks,all_blocks,share
manifold,60,746,8.04289544235925
aestus,700,11211,6.2438676300062435
titan,496,9479,5.232619474628125
agnostic Gnosis,1416,55170,2.566612289287656
ultrasound,2325,99875,2.327909887359199
bloxroute (max profit),8,91277,0.008764529947303264
bloxroute (regulated),3,55027,0.0054518690824504334
eden,0,55,0.0
flashbots,0,33268,0.0
