relay,non_censored_blocks,all_blocks,share
manifold,4,12,33.33333333333333
agnostic Gnosis,671,11543,5.813046868231829
ultrasound,5535,130210,4.250825589432456
aestus,267,8017,3.330422851440688
titan,1456,47542,3.062555214336797
bloxroute (regulated),1580,91280,1.730937773882559
bloxroute (max profit),1743,104359,1.6701961498289557
flashbots,198,14405,1.3745227351614022
