relay,non_censored_blocks,all_blocks,share
agnostic Gnosis,418,4876,8.572600492206726
ultrasound,5134,62106,8.266512092229414
bloxroute (regulated),2638,32291,8.169458982378991
bloxroute (max profit),3377,43151,7.826006349794906
titan,741,9937,7.45697896749522
flashbots,475,6595,7.202426080363912
aestus,344,5446,6.316562614763129
