relay,non_censored_blocks,all_blocks,share
manifold,27,164,16.463414634146343
agnostic Gnosis,836,20228,4.132885109748862
aestus,285,8686,3.281142067695142
ultrasound,2880,137965,2.0874859565831914
bloxroute (max profit),2,120693,0.0016570969318850306
bloxroute (regulated),0,92023,0.0
flashbots,0,21175,0.0
