relay,non_censored_blocks,all_blocks,share
manifold,19,72,26.38888888888889
agnostic Gnosis,932,20521,4.5416890015106475
aestus,186,6146,3.026358607224211
ultrasound,4200,141454,2.969163120166273
titan,1280,49899,2.565181666967274
flashbots,0,21916,0.0
bloxroute (regulated),0,104190,0.0
bloxroute (max profit),0,123031,0.0
