relay,non_censored_blocks,all_blocks,share
agnostic Gnosis,418,2873,14.549251653324053
ultrasound,5134,36731,13.977294383490785
bloxroute (regulated),2638,19191,13.746026783388047
flashbots,475,3466,13.70455856895557
bloxroute (max profit),3377,25781,13.098793685272101
titan,741,6865,10.793882010196649
aestus,344,3349,10.271722902358913
