relay,non_censored_blocks,all_blocks,share
manifold,19,99,19.19191919191919
agnostic Gnosis,1967,20620,9.539282250242483
aestus,432,5977,7.227706207127321
ultrasound,6649,142166,4.6769269726938925
bloxroute (max profit),41,120121,0.03413224998126889
bloxroute (regulated),5,102078,0.004898215090421051
flashbots,0,21735,0.0
