relay,non_censored_blocks,all_blocks,share
manifold,99,632,15.664556962025317
titan,96,1079,8.897126969416126
aestus,730,11608,6.2887663680220545
ultrasound,3258,103239,3.155784151338157
agnostic Gnosis,1768,57018,3.10077519379845
bloxroute (max profit),121,79004,0.15315680218723102
bloxroute (regulated),1,46064,0.0021708926710663425
flashbots,0,49707,0.0
eden,0,410,0.0
