relay,non_censored_blocks,all_blocks,share
manifold,91,596,15.268456375838927
aestus,724,11378,6.363156969590437
ultrasound,3308,102273,3.234480263608186
agnostic Gnosis,1749,55030,3.1782664001453758
bloxroute (max profit),118,79104,0.14917071197411003
bloxroute (regulated),1,46632,0.002144450162978212
eden,0,373,0.0
flashbots,0,49589,0.0
