relay,non_censored_blocks,all_blocks,share
aestus,1151,13016,8.842962507682852
manifold,78,1004,7.768924302788845
titan,770,13026,5.911254414248426
agnostic Gnosis,1815,52903,3.4308073266166383
ultrasound,2941,102733,2.8627607487370175
bloxroute (max profit),7,88955,0.0078691473216795
bloxroute (regulated),4,66745,0.005992958274028017
eden,0,38,0.0
flashbots,0,27924,0.0
