relay,non_censored_blocks,all_blocks,share
manifold,13,84,15.476190476190476
agnostic Gnosis,1648,21568,7.640949554896142
aestus,305,6287,4.851280419914109
ultrasound,6527,137832,4.7354750711010505
titan,1718,48886,3.514298572188357
bloxroute (regulated),0,102539,0.0
bloxroute (max profit),0,118998,0.0
flashbots,0,19910,0.0
