relay,non_censored_blocks,all_blocks,share
ultrasound,5669,103699,5.466783671973693
bloxroute (regulated),2519,47139,5.343770550923863
bloxroute (max profit),3505,67397,5.200528213421962
titan,914,20291,4.504460105465477
flashbots,493,11754,4.194316828313766
aestus,121,2971,4.072702793672164
agnostic Gnosis,121,3755,3.22237017310253
