relay,non_censored_blocks,all_blocks,share
ultrasound,4618,111240,4.151384394102841
bloxroute (regulated),2346,59134,3.9672607975107383
bloxroute (max profit),3170,80893,3.918756876367547
titan,864,25608,3.373945641986879
flashbots,440,13583,3.2393432967680185
aestus,117,4291,2.726637147518061
agnostic Gnosis,166,6451,2.5732444582235314
manifold,0,3,0.0
