relay,non_censored_blocks,all_blocks,share
ultrasound,4573,112327,4.071149411984652
bloxroute (regulated),2367,60716,3.898478160616641
bloxroute (max profit),3197,82522,3.874118416907007
titan,844,25811,3.2699236759521133
flashbots,434,13722,3.1628042559393674
aestus,116,4438,2.6137899954934656
agnostic Gnosis,165,6699,2.4630541871921183
manifold,0,3,0.0
