relay,non_censored_blocks,all_blocks,share
manifold,48,695,6.906474820143885
aestus,662,10959,6.040697143899991
titan,450,8926,5.04145193815819
agnostic Gnosis,1361,54520,2.4963316214233306
ultrasound,2272,99298,2.2880621966202743
bloxroute (max profit),9,90735,0.00991899487518598
bloxroute (regulated),3,52616,0.00570168769955907
flashbots,0,33917,0.0
eden,0,54,0.0
