relay,non_censored_blocks,all_blocks,share
ultrasound,4538,101102,4.488536329647287
bloxroute (regulated),2282,53488,4.266377505234819
agnostic Gnosis,315,7404,4.254457050243112
bloxroute (max profit),2969,70342,4.220806914787751
titan,548,14066,3.895919237878572
aestus,277,7532,3.6776420605416886
flashbots,486,13931,3.488622496590338
