relay,non_censored_blocks,all_blocks,share
manifold,18,94,19.148936170212767
agnostic Gnosis,1876,20762,9.035738368172623
aestus,415,6092,6.812212738017072
ultrasound,6241,141330,4.415906035519706
bloxroute (max profit),40,123453,0.03240099471053762
bloxroute (regulated),5,104853,0.004768580774989747
flashbots,0,21859,0.0
