relay,non_censored_blocks,all_blocks,share
manifold,10,67,14.925373134328357
agnostic Gnosis,799,14103,5.665461249379565
aestus,233,4373,5.328150011433799
ultrasound,2494,92467,2.6971784528534504
bloxroute (regulated),1,73499,0.0013605627287446088
bloxroute (max profit),1,86406,0.0011573270374742495
flashbots,0,14662,0.0
