relay,non_censored_blocks,all_blocks,share
aestus,1085,12502,8.678611422172452
manifold,74,1012,7.312252964426877
titan,729,12474,5.844155844155844
agnostic Gnosis,1763,53240,3.3114199849737043
ultrasound,2859,102609,2.786305294857176
bloxroute (max profit),9,88498,0.01016972134963502
bloxroute (regulated),6,66418,0.009033695684904695
flashbots,0,27346,0.0
eden,0,36,0.0
