relay,non_censored_blocks,all_blocks,share
ultrasound,3040,65097,4.669954068543865
titan,742,18879,3.9302929180571002
bloxroute (max profit),2226,61340,3.6289533746331917
aestus,450,13319,3.3786320294316394
agnostic Gnosis,409,12372,3.3058519236986745
bloxroute (regulated),948,29365,3.2283330495487825
flashbots,256,8185,3.127672571777642
