relay,non_censored_blocks,all_blocks,share
aestus,1115,14291,7.8021132181093
manifold,63,845,7.455621301775148
titan,552,11812,4.673213681002371
agnostic Gnosis,1529,54669,2.796831842543306
ultrasound,2576,110766,2.325623386237654
bloxroute (regulated),2,70808,0.002824539600045193
bloxroute (max profit),2,91112,0.0021951005356045305
flashbots,0,29954,0.0
eden,0,38,0.0
