relay,non_censored_blocks,all_blocks,share
manifold,59,339,17.404129793510325
aestus,345,6421,5.372994860613611
bloxroute (max profit),1672,67252,2.486171414976506
ultrasound,2376,103007,2.3066393546069683
agnostic Gnosis,1038,58541,1.77311627748074
bloxroute (regulated),18,47709,0.037728730428221086
blocknative,0,4201,0.0
eden,0,511,0.0
flashbots,0,66620,0.0
