relay,non_censored_blocks,all_blocks,share
manifold,13,95,13.684210526315791
agnostic Gnosis,1380,20806,6.632702105161973
aestus,319,6108,5.222658808120498
ultrasound,4365,138612,3.1490780019045967
bloxroute (max profit),35,123244,0.028398948427509653
bloxroute (regulated),5,104559,0.004781989116192772
flashbots,0,21638,0.0
