relay,non_censored_blocks,all_blocks,share
manifold,20,576,3.4722222222222223
aestus,211,10383,2.0321679668689203
agnostic Gnosis,506,29685,1.704564594913256
ultrasound,1852,113084,1.6377206324502138
titan,165,13318,1.2389247634779996
bloxroute (max profit),3,95474,0.003142216729161866
bloxroute (regulated),2,78313,0.0025538544047603844
eden,0,23,0.0
flashbots,0,24296,0.0
