relay,non_censored_blocks,all_blocks,share
manifold,74,582,12.714776632302405
aestus,673,13561,4.96276085834378
agnostic Gnosis,1260,43225,2.91497975708502
ultrasound,2227,80784,2.7567340067340065
bloxroute (max profit),121,76349,0.15848275681410368
bloxroute (regulated),57,54279,0.10501298844857127
flashbots,0,58964,0.0
eden,0,507,0.0
