relay,non_censored_blocks,all_blocks,share
manifold,4,14,28.57142857142857
agnostic Gnosis,458,8578,5.339239916064351
ultrasound,6269,130270,4.812312888615952
titan,1833,48648,3.767883571780957
bloxroute (regulated),3246,91268,3.556558706227812
bloxroute (max profit),3646,106411,3.426337502701789
aestus,191,5998,3.184394798266089
flashbots,403,15108,2.667460947842203
