relay,non_censored_blocks,all_blocks,share
manifold,104,917,11.34133042529989
aestus,673,10533,6.389442703883034
titan,230,4537,5.069429138197046
agnostic Gnosis,1681,59197,2.8396709292700644
ultrasound,2865,103920,2.7569284064665127
bloxroute (max profit),74,82236,0.0899849214455956
bloxroute (regulated),2,43835,0.0045625641610585145
flashbots,0,39146,0.0
eden,0,284,0.0
