relay,non_censored_blocks,all_blocks,share
agnostic Gnosis,418,7389,5.657057788604682
ultrasound,5134,93578,5.48633225758191
bloxroute (regulated),2638,48269,5.465205411340612
titan,741,13813,5.364511691884457
bloxroute (max profit),3377,64014,5.275408504389665
aestus,344,7232,4.756637168141593
flashbots,475,10648,4.460931630353119
