relay,non_censored_blocks,all_blocks,share
manifold,21,81,25.925925925925924
agnostic Gnosis,1291,21071,6.126904276019173
aestus,224,5813,3.853431962841906
ultrasound,5353,139276,3.843447543008128
titan,1443,46085,3.1311706629055003
flashbots,0,20954,0.0
bloxroute (regulated),0,103321,0.0
bloxroute (max profit),0,120953,0.0
