relay,non_censored_blocks,all_blocks,share
aestus,1137,14373,7.910665831767898
manifold,63,876,7.191780821917808
titan,565,11686,4.834845113811398
agnostic Gnosis,1556,54651,2.8471574170646465
ultrasound,2598,110330,2.354753920058008
bloxroute (regulated),3,70393,0.00426178739363289
bloxroute (max profit),3,90932,0.0032991686095104034
flashbots,0,29898,0.0
eden,0,44,0.0
