relay,non_censored_blocks,all_blocks,share
manifold,19,100,19.0
agnostic Gnosis,1961,20621,9.509723097812909
aestus,422,5924,7.12356515867657
ultrasound,6738,143750,4.687304347826087
bloxroute (max profit),41,119948,0.03418147864074433
bloxroute (regulated),5,101984,0.0049027298399748976
flashbots,0,21963,0.0
