relay,non_censored_blocks,all_blocks,share
agnostic Gnosis,416,8876,4.686795853988283
ultrasound,5016,108430,4.626026007562483
bloxroute (regulated),2544,56217,4.525321521959549
bloxroute (max profit),3274,74038,4.422053540074016
titan,702,15940,4.4040150564617315
aestus,342,8057,4.244756112697034
flashbots,476,13120,3.6280487804878048
