relay,non_censored_blocks,all_blocks,share
manifold,15,41,36.58536585365854
agnostic Gnosis,951,18498,5.141096334738891
aestus,375,9117,4.113195129976966
ultrasound,4877,121544,4.012538669123939
titan,1151,50779,2.266685046968235
bloxroute (regulated),1,94976,0.0010528975741239894
bloxroute (max profit),1,105363,0.0009490997788597516
flashbots,0,15131,0.0
