relay,non_censored_blocks,all_blocks,share
aestus,1154,14446,7.988370483178735
manifold,63,908,6.938325991189427
titan,575,12050,4.771784232365145
agnostic Gnosis,1581,53896,2.9334273415466825
ultrasound,2589,108537,2.385361673899223
bloxroute (regulated),3,69697,0.004304345954632194
bloxroute (max profit),3,90962,0.0032980805171390253
flashbots,0,29845,0.0
eden,0,39,0.0
