relay,non_censored_blocks,all_blocks,share
manifold,38,247,15.384615384615385
bloxroute (max profit),2799,69534,4.025368884286824
aestus,263,8980,2.928730512249443
ultrasound,2155,102599,2.1004103353833856
agnostic Gnosis,1222,65572,1.8636003172085647
bloxroute (regulated),4,51472,0.007771215418091389
eden,0,326,0.0
flashbots,0,63121,0.0
