relay,non_censored_blocks,all_blocks,share
ultrasound,6022,95767,6.288178600144099
bloxroute (regulated),2903,47129,6.159689363237073
bloxroute (max profit),3808,64463,5.907264632424802
titan,911,17792,5.1202787769784175
flashbots,525,10871,4.829362524146812
aestus,154,3337,4.614923584057537
agnostic Gnosis,121,3471,3.4860270815326992
