relay,non_censored_blocks,all_blocks,share
manifold,16,69,23.18840579710145
agnostic Gnosis,1328,20909,6.35133196231288
ultrasound,5546,127675,4.3438417857842175
aestus,368,9019,4.080274975052667
titan,1141,52404,2.177314708800855
flashbots,0,16009,0.0
bloxroute (max profit),0,109045,0.0
bloxroute (regulated),0,97457,0.0
