relay,non_censored_blocks,all_blocks,share
manifold,53,629,8.426073131955485
aestus,720,11018,6.5347612996914135
titan,297,10065,2.9508196721311477
agnostic Gnosis,1109,53032,2.0911902247699503
ultrasound,2428,118517,2.0486512483441195
bloxroute (max profit),2,93805,0.0021320825115931988
bloxroute (regulated),1,77409,0.0012918394501931299
flashbots,0,26383,0.0
eden,0,40,0.0
