relay,non_censored_blocks,all_blocks,share
aestus,1142,14387,7.9377215541808575
manifold,62,888,6.981981981981981
titan,564,11802,4.778851042196238
agnostic Gnosis,1554,54254,2.864304936041582
ultrasound,2587,109307,2.366728571820652
bloxroute (regulated),3,70170,0.004275331338178709
bloxroute (max profit),3,91058,0.003294603439565991
flashbots,0,29962,0.0
eden,0,43,0.0
