relay,non_censored_blocks,all_blocks,share
ultrasound,3040,65097,4.669954068543865
titan,742,18879,3.9302929180571002
bloxroute (max profit),2226,58660,3.7947494033412887
aestus,450,12570,3.579952267303103
agnostic Gnosis,409,11852,3.4508943638204523
bloxroute (regulated),948,27782,3.4122813332373476
flashbots,256,7795,3.284156510583708
