relay,non_censored_blocks,all_blocks,share
manifold,14,80,17.5
agnostic Gnosis,828,20119,4.115512699438342
aestus,166,6270,2.6475279106858056
ultrasound,3614,142137,2.542617333980596
titan,1030,47348,2.1753822759145054
bloxroute (max profit),3,120399,0.0024917150474671715
flashbots,0,22438,0.0
bloxroute (regulated),0,101060,0.0
