relay,non_censored_blocks,all_blocks,share
manifold,15,94,15.957446808510639
agnostic Gnosis,780,21354,3.6527114357965718
aestus,246,7318,3.361574200601257
ultrasound,2445,134294,1.8206323439617553
bloxroute (max profit),27,126206,0.021393594599305895
bloxroute (regulated),21,107429,0.019547794357203364
flashbots,0,25844,0.0
