relay,non_censored_blocks,all_blocks,share
manifold,75,540,13.88888888888889
aestus,634,12979,4.88481393019493
agnostic Gnosis,1207,42797,2.82029114190247
ultrasound,2226,81491,2.731589991532807
bloxroute (max profit),87,76505,0.11371805764329129
bloxroute (regulated),37,54639,0.06771719833818335
eden,0,505,0.0
flashbots,0,59361,0.0
