relay,non_censored_blocks,all_blocks,share
manifold,54,333,16.216216216216218
aestus,316,6318,5.0015827793605565
bloxroute (max profit),1817,69116,2.62891371028416
ultrasound,2155,103318,2.0857933757912464
agnostic Gnosis,966,60187,1.6049977569907121
bloxroute (regulated),18,50339,0.03575756371799202
flashbots,0,65303,0.0
eden,0,464,0.0
