relay,non_censored_blocks,all_blocks,share
manifold,65,859,7.566938300349244
aestus,517,11958,4.323465462451915
ultrasound,2002,83857,2.387397593522306
agnostic Gnosis,887,40530,2.1885023439427584
bloxroute (max profit),105,80538,0.13037323996126055
bloxroute (regulated),44,53397,0.08240163305054592
flashbots,0,50584,0.0
eden,0,543,0.0
