relay,non_censored_blocks,all_blocks,share
manifold,10,63,15.873015873015872
agnostic Gnosis,791,14609,5.41447053186392
aestus,228,4658,4.8948046371833405
ultrasound,2438,91432,2.6664625076559627
bloxroute (regulated),1,76309,0.0013104614134636806
bloxroute (max profit),1,89818,0.00111336257765704
flashbots,0,15761,0.0
