relay,non_censored_blocks,all_blocks,share
agnostic Gnosis,418,5766,7.249392993409643
ultrasound,5134,72653,7.066466629044912
bloxroute (regulated),2638,37623,7.011668394333253
bloxroute (max profit),3377,50174,6.730577589986845
titan,741,11365,6.520017597888253
flashbots,475,7842,6.057128283601123
aestus,344,6325,5.438735177865612
