relay,non_censored_blocks,all_blocks,share
manifold,13,84,15.476190476190476
agnostic Gnosis,933,20123,4.636485613477116
aestus,189,6083,3.1070195627157653
ultrasound,4029,142077,2.835786228594354
titan,1163,46395,2.506735639616338
bloxroute (max profit),3,119465,0.002511195747708534
flashbots,0,22307,0.0
bloxroute (regulated),0,100098,0.0
