relay,non_censored_blocks,all_blocks,share
manifold,26,643,4.043545878693624
aestus,236,11096,2.1268925739005047
ultrasound,1902,116225,1.6364809636480964
agnostic Gnosis,493,36203,1.36176559953595
titan,155,12344,1.2556707712248867
bloxroute (regulated),3,75733,0.003961285040867257
bloxroute (max profit),2,88576,0.0022579479768786125
eden,0,17,0.0
flashbots,0,25519,0.0
