relay,non_censored_blocks,all_blocks,share
manifold,35,529,6.61625708884688
aestus,301,9129,3.2971847957059914
ultrasound,2147,119355,1.7988354069791799
titan,161,10614,1.516864518560392
agnostic Gnosis,676,47310,1.4288733882900022
bloxroute (regulated),2,76770,0.002605184316790413
bloxroute (max profit),2,90545,0.0022088464299519577
flashbots,0,24615,0.0
eden,0,25,0.0
