relay,non_censored_blocks,all_blocks,share
manifold,48,731,6.566347469220246
aestus,662,11289,5.864115510674107
titan,450,9134,4.926647689949639
agnostic Gnosis,1361,56310,2.416977446279524
ultrasound,2272,102535,2.2158287414053737
bloxroute (max profit),9,93592,0.009616206513377213
bloxroute (regulated),3,54462,0.0055084278946788585
flashbots,0,35029,0.0
eden,0,54,0.0
