relay,non_censored_blocks,all_blocks,share
manifold,20,165,12.121212121212121
agnostic Gnosis,1132,22890,4.945391000436872
aestus,361,8430,4.28232502965599
ultrasound,3535,121541,2.9084835569889997
titan,129,6160,2.094155844155844
eden,4,765,0.522875816993464
bloxroute (max profit),3,116472,0.0025757263548320626
bloxroute (regulated),1,86548,0.001155428201691547
flashbots,0,19249,0.0
