relay,non_censored_blocks,all_blocks,share
manifold,22,606,3.6303630363036308
aestus,222,10795,2.0565076424270496
ultrasound,1874,114806,1.6323188683518282
agnostic Gnosis,488,32765,1.4893941706088816
titan,155,12503,1.2397024714068623
bloxroute (max profit),4,90701,0.004410094706783828
bloxroute (regulated),3,76473,0.003922953199168334
flashbots,0,25044,0.0
eden,0,21,0.0
