relay,non_censored_blocks,all_blocks,share
agnostic Gnosis,366,8304,4.407514450867052
ultrasound,4537,104468,4.342956694873071
bloxroute (regulated),2219,53298,4.163383241397426
bloxroute (max profit),2868,69155,4.147205552743836
titan,512,12798,4.000625097671511
aestus,265,6858,3.8641003207932343
flashbots,498,14534,3.4264483280583455
