relay,non_censored_blocks,all_blocks,share
manifold,52,512,10.15625
aestus,411,10374,3.9618276460381727
ultrasound,2372,98724,2.402657914995341
agnostic Gnosis,975,45449,2.1452617219300754
bloxroute (max profit),20,78893,0.025350791578467036
bloxroute (regulated),3,48772,0.0061510702862298035
eden,0,405,0.0
flashbots,0,47257,0.0
