relay,non_censored_blocks,all_blocks,share
manifold,94,616,15.259740259740258
titan,95,1008,9.424603174603174
aestus,717,11407,6.285614096607346
ultrasound,3248,102693,3.1628251195310293
agnostic Gnosis,1753,56250,3.116444444444445
bloxroute (max profit),121,78895,0.1533684010393561
bloxroute (regulated),3,46014,0.006519754857217368
flashbots,0,49569,0.0
eden,0,397,0.0
