relay,non_censored_blocks,all_blocks,share
manifold,52,535,9.719626168224298
aestus,500,11244,4.446816079686943
ultrasound,2442,103067,2.369332570075776
agnostic Gnosis,1091,50117,2.176906039866712
bloxroute (max profit),62,79395,0.07809055985893318
flashbots,0,49636,0.0
bloxroute (regulated),0,48389,0.0
eden,0,389,0.0
