relay,non_censored_blocks,all_blocks,share
manifold,37,282,13.120567375886525
bloxroute (max profit),2625,68844,3.812968450409622
aestus,276,9468,2.915082382762991
ultrasound,2264,102358,2.2118447019285252
agnostic Gnosis,1244,63537,1.9579142861639673
bloxroute (regulated),9,50876,0.017690069974054562
flashbots,0,61894,0.0
eden,0,437,0.0
