relay,non_censored_blocks,all_blocks,share
manifold,39,271,14.391143911439114
bloxroute (max profit),2716,68054,3.9909483645340464
aestus,260,9160,2.8384279475982535
ultrasound,2175,102609,2.1196971025933395
agnostic Gnosis,1216,65311,1.8618609422608747
bloxroute (regulated),4,50559,0.007911548883482665
flashbots,0,63079,0.0
eden,0,347,0.0
