relay,non_censored_blocks,all_blocks,share
manifold,10,58,17.24137931034483
agnostic Gnosis,791,13232,5.977932285368802
aestus,228,4204,5.423406279733587
ultrasound,2438,82566,2.9527892837245355
bloxroute (regulated),1,69184,0.0014454209065679928
bloxroute (max profit),1,81541,0.001226376914680958
flashbots,0,14075,0.0
