relay,non_censored_blocks,all_blocks,share
manifold,66,811,8.138101109741061
aestus,640,11299,5.664218072395787
titan,278,5933,4.685656497556042
agnostic Gnosis,1397,58067,2.4058415278901957
ultrasound,2332,105091,2.2190292222930603
bloxroute (max profit),33,88087,0.037462962752733094
bloxroute (regulated),2,47485,0.004211856375697588
eden,0,194,0.0
flashbots,0,37019,0.0
