relay,non_censored_blocks,all_blocks,share
ultrasound,6022,99210,6.0699526257433725
bloxroute (regulated),2903,48641,5.96821611397792
bloxroute (max profit),3808,66621,5.715915402050404
titan,911,18334,4.968910221446493
flashbots,525,11370,4.617414248021108
aestus,154,3471,4.4367617401325266
agnostic Gnosis,121,3634,3.3296642817831588
