relay,non_censored_blocks,all_blocks,share
manifold,126,640,19.6875
aestus,306,9312,3.2860824742268044
ultrasound,2624,83649,3.136917357051489
bloxroute (max profit),1976,72991,2.7071830773657024
agnostic Gnosis,1450,54605,2.65543448402161
bloxroute (regulated),5,45057,0.011097054841645028
eden,0,3437,0.0
flashbots,0,64154,0.0
blocknative,0,35585,0.0
