relay,non_censored_blocks,all_blocks,share
manifold,50,477,10.482180293501047
aestus,238,8571,2.7768055069420137
agnostic Gnosis,561,26319,2.1315399521258405
ultrasound,2074,107657,1.926488755956417
titan,213,14840,1.435309973045822
bloxroute (max profit),3,104333,0.0028754085476311426
bloxroute (regulated),1,78553,0.001273025855155118
eden,0,161,0.0
flashbots,0,22720,0.0
