relay,non_censored_blocks,all_blocks,share
manifold,111,871,12.743972445464982
aestus,784,12438,6.303264190384306
titan,143,2419,5.911533691608103
agnostic Gnosis,1882,60725,3.0992177850967475
ultrasound,3254,106289,3.061464497737301
bloxroute (max profit),142,76975,0.18447547905164013
bloxroute (regulated),2,46992,0.004256043581886278
flashbots,0,44371,0.0
eden,0,369,0.0
