relay,non_censored_blocks,all_blocks,share
manifold,36,297,12.121212121212121
bloxroute (max profit),2467,69951,3.526754442395391
aestus,305,9766,3.123080073725169
ultrasound,2298,101003,2.275179945150144
agnostic Gnosis,1239,62236,1.9908091779677357
bloxroute (regulated),8,50948,0.015702284682421293
eden,0,488,0.0
flashbots,0,62381,0.0
