relay,non_censored_blocks,all_blocks,share
ultrasound,4579,103210,4.436585602170332
agnostic Gnosis,354,7988,4.43164747120681
bloxroute (regulated),2259,53576,4.21644019710318
bloxroute (max profit),2937,69776,4.209183673469387
titan,523,13113,3.988408449630138
aestus,264,6794,3.885781571975272
flashbots,497,14304,3.474552572706935
