relay,non_censored_blocks,all_blocks,share
manifold,61,826,7.384987893462469
aestus,596,13649,4.366620265220895
ultrasound,1887,80633,2.340232907122394
agnostic Gnosis,987,42607,2.316520759499613
bloxroute (max profit),136,80250,0.16947040498442367
bloxroute (regulated),58,53679,0.10804970286331712
flashbots,0,53881,0.0
eden,0,556,0.0
