relay,non_censored_blocks,all_blocks,share
manifold,4,15,26.666666666666668
ultrasound,6538,131238,4.9817888111674975
agnostic Gnosis,413,8297,4.977702784138845
bloxroute (regulated),3680,91932,4.002958708610712
titan,1871,47635,3.927784192295581
bloxroute (max profit),4156,106712,3.894594797211185
aestus,181,5543,3.265379758253653
flashbots,467,15502,3.012514514256225
