relay,non_censored_blocks,all_blocks,share
manifold,53,349,15.18624641833811
aestus,264,6410,4.118564742589704
bloxroute (max profit),2253,74431,3.0269645712136075
ultrasound,1926,104353,1.845658486100064
agnostic Gnosis,982,64098,1.5320290804705297
bloxroute (regulated),14,54427,0.02572252742205156
flashbots,0,66915,0.0
eden,0,363,0.0
