relay,non_censored_blocks,all_blocks,share
aestus,1172,13945,8.404446038006453
manifold,62,943,6.574761399787911
titan,661,12850,5.143968871595331
agnostic Gnosis,1707,53438,3.1943560762004566
ultrasound,2755,106079,2.5971210135842155
bloxroute (regulated),3,68383,0.004387055262272787
flashbots,1,29232,0.0034209085933223867
bloxroute (max profit),3,90176,0.0033268275372604684
eden,0,36,0.0
