relay,non_censored_blocks,all_blocks,share
manifold,46,413,11.138014527845035
aestus,307,8519,3.603709355558164
agnostic Gnosis,762,25384,3.001890954932241
ultrasound,2659,108145,2.458735956354894
titan,243,13858,1.7534997835185453
eden,4,776,0.5154639175257731
bloxroute (max profit),3,107093,0.0028013035399139063
bloxroute (regulated),2,80861,0.002473380245111982
flashbots,0,21903,0.0
