relay,non_censored_blocks,all_blocks,share
manifold,34,530,6.415094339622642
aestus,298,9273,3.2136309716380893
ultrasound,2149,118956,1.8065503211271392
titan,158,10824,1.459719142645972
agnostic Gnosis,668,46553,1.4349236354262882
bloxroute (regulated),2,76625,0.0026101141924959217
bloxroute (max profit),2,90428,0.002211704339363914
flashbots,0,24573,0.0
eden,0,22,0.0
