relay,non_censored_blocks,all_blocks,share
manifold,101,690,14.637681159420291
titan,102,1204,8.471760797342192
aestus,742,12008,6.1792138574283815
ultrasound,3268,104930,3.1144572572190983
agnostic Gnosis,1808,58612,3.0846925544257147
bloxroute (max profit),122,77066,0.15830586769781746
bloxroute (regulated),1,45135,0.0022155754957350173
flashbots,0,49026,0.0
eden,0,456,0.0
