relay,non_censored_blocks,all_blocks,share
bloxroute (regulated),2638,12231,21.568146512958876
bloxroute (max profit),3377,18883,17.88381083514272
flashbots,475,2878,16.5045170257123
agnostic Gnosis,418,3667,11.398963730569948
aestus,344,4029,8.538098783817324
