relay,non_censored_blocks,all_blocks,share
aestus,830,9356,8.871312526720821
manifold,67,797,8.406524466750314
titan,606,9528,6.360201511335013
agnostic Gnosis,1641,46848,3.5028176229508197
ultrasound,2756,87292,3.1572194473720385
bloxroute (max profit),9,76907,0.011702445811174536
bloxroute (regulated),5,54645,0.009149967975112087
eden,0,41,0.0
flashbots,0,24017,0.0
