relay,non_censored_blocks,all_blocks,share
manifold,73,397,18.387909319899247
aestus,571,11628,4.9105607155142765
ultrasound,2246,83936,2.675848265345025
agnostic Gnosis,1137,42618,2.6678868083908207
bloxroute (max profit),5,75805,0.006595870984763537
bloxroute (regulated),1,54881,0.0018221242324301672
eden,0,565,0.0
flashbots,0,59564,0.0
