relay,non_censored_blocks,all_blocks,share
manifold,43,397,10.831234256926953
aestus,399,10144,3.9333596214511037
ultrasound,2267,91993,2.464317937234355
agnostic Gnosis,1054,48928,2.1541857423152386
bloxroute (max profit),1130,75162,1.5034192810196643
bloxroute (regulated),5,53779,0.009297309358671601
eden,0,507,0.0
flashbots,0,62495,0.0
