relay,non_censored_blocks,all_blocks,share
manifold,29,176,16.477272727272727
agnostic Gnosis,968,20963,4.617659686113629
aestus,338,8872,3.8097385031559963
ultrasound,3196,135499,2.358688994014716
bloxroute (max profit),1,120684,0.0008286102548805144
flashbots,0,20615,0.0
bloxroute (regulated),0,91850,0.0
titan,0,36,0.0
