relay,non_censored_blocks,all_blocks,share
manifold,57,691,8.24891461649783
aestus,898,12248,7.331809274983671
titan,391,10641,3.674466685461893
agnostic Gnosis,1293,53900,2.398886827458256
ultrasound,2430,116213,2.0909880994381007
bloxroute (max profit),2,93254,0.002144680120959959
bloxroute (regulated),1,75899,0.0013175404155522472
flashbots,0,27059,0.0
eden,0,41,0.0
