relay,non_censored_blocks,all_blocks,share
manifold,38,152,25.0
bloxroute (max profit),2443,70834,3.4489087161532597
aestus,200,7871,2.5409731927328165
ultrasound,1779,102688,1.732432221875974
agnostic Gnosis,1076,66970,1.6066895624906676
bloxroute (regulated),6,53708,0.011171520071497729
flashbots,0,64688,0.0
eden,0,292,0.0
