relay,non_censored_blocks,all_blocks,share
manifold,44,615,7.154471544715448
aestus,470,9885,4.754678806272129
ultrasound,2226,120786,1.8429288162535393
titan,160,9070,1.7640573318632855
agnostic Gnosis,825,51398,1.6051208218218607
bloxroute (max profit),3,92095,0.0032575058363646238
bloxroute (regulated),2,77537,0.002579413699266157
flashbots,0,25288,0.0
eden,0,36,0.0
