relay,non_censored_blocks,all_blocks,share
manifold,63,843,7.473309608540925
aestus,555,12406,4.473641786232468
ultrasound,1928,79536,2.424059545363106
agnostic Gnosis,947,40412,2.3433633574185886
bloxroute (max profit),136,79586,0.1708843263890634
bloxroute (regulated),59,53296,0.11070249174422095
eden,0,543,0.0
flashbots,0,50728,0.0
