relay,non_censored_blocks,all_blocks,share
manifold,35,188,18.617021276595743
bloxroute (max profit),2546,70998,3.586016507507254
aestus,209,8040,2.599502487562189
ultrasound,1809,102454,1.7656704472250964
agnostic Gnosis,1105,66425,1.6635302973278132
bloxroute (regulated),6,53513,0.011212228804215798
flashbots,0,64435,0.0
eden,0,311,0.0
