relay,non_censored_blocks,all_blocks,share
manifold,32,536,5.970149253731343
aestus,287,9775,2.9360613810741687
ultrasound,2126,118349,1.7963818874684196
titan,158,11358,1.3910899806303927
agnostic Gnosis,611,45203,1.3516801982169324
bloxroute (regulated),2,76006,0.0026313712075362473
bloxroute (max profit),2,89135,0.0022437875133224884
eden,0,20,0.0
flashbots,0,24676,0.0
