relay,non_censored_blocks,all_blocks,share
manifold,14,81,17.28395061728395
agnostic Gnosis,850,20298,4.1876046901172534
aestus,170,6262,2.7147876077930375
ultrasound,3693,142172,2.597557887629069
titan,1052,47181,2.229711112524109
bloxroute (max profit),3,120229,0.0024952382536659206
bloxroute (regulated),0,100886,0.0
flashbots,0,22382,0.0
