relay,non_censored_blocks,all_blocks,share
ultrasound,4622,100962,4.577960024563697
bloxroute (max profit),3005,70670,4.252157917079383
bloxroute (regulated),2269,53651,4.2291849173361165
agnostic Gnosis,282,7227,3.9020340390203403
titan,553,14506,3.812215634909692
aestus,298,8066,3.694520208281676
flashbots,465,13778,3.3749455653941065
