relay,non_censored_blocks,all_blocks,share
aestus,1078,14115,7.637265320580942
manifold,63,827,7.617896009673519
titan,535,11769,4.545840768119636
agnostic Gnosis,1510,54779,2.7565307873455156
ultrasound,2610,113227,2.3051039063120986
bloxroute (regulated),2,72056,0.0027756189630287554
bloxroute (max profit),2,91343,0.0021895492812804484
flashbots,0,29424,0.0
eden,0,37,0.0
