relay,non_censored_blocks,all_blocks,share
manifold,36,154,23.376623376623375
aestus,208,6723,3.093856909117953
bloxroute (max profit),2225,72689,3.0609858438003
ultrasound,1729,102888,1.6804680817976827
agnostic Gnosis,956,64839,1.4744212588102839
bloxroute (regulated),3,55272,0.005427702996092054
flashbots,2,66073,0.003026955034582961
eden,0,286,0.0
