relay,non_censored_blocks,all_blocks,share
aestus,869,12012,7.234432234432235
manifold,51,706,7.223796033994335
titan,376,10455,3.5963653754184604
agnostic Gnosis,1256,53553,2.34534013033817
ultrasound,2410,116804,2.0632855039210987
bloxroute (max profit),2,93412,0.0021410525414293667
bloxroute (regulated),1,76351,0.001309740540398947
flashbots,0,26819,0.0
eden,0,42,0.0
