relay,non_censored_blocks,all_blocks,share
agnostic Gnosis,396,8849,4.4750819301616
ultrasound,4798,107250,4.473659673659673
bloxroute (regulated),2476,56263,4.400760713079644
bloxroute (max profit),3107,73300,4.2387448840382
titan,562,13612,4.128709961798413
aestus,295,7652,3.855201254573968
flashbots,503,14252,3.5293292169520067
