relay,non_censored_blocks,all_blocks,share
manifold,33,217,15.207373271889402
bloxroute (max profit),2599,70666,3.6778648855177876
aestus,219,8409,2.6043524794862645
ultrasound,1875,102658,1.8264528823861754
agnostic Gnosis,1121,66063,1.6968651136036814
bloxroute (regulated),4,52609,0.007603261799311905
eden,0,304,0.0
flashbots,0,64067,0.0
