relay,non_censored_blocks,all_blocks,share
agnostic Gnosis,418,5227,7.996938970728908
ultrasound,5134,65634,7.822165341134168
bloxroute (regulated),2638,34084,7.739701912921018
bloxroute (max profit),3377,45569,7.41073975729114
titan,741,10462,7.082775759892945
flashbots,475,6984,6.801260022909507
aestus,344,5842,5.888394385484423
