relay,non_censored_blocks,all_blocks,share
manifold,41,163,25.153374233128833
bloxroute (max profit),2156,71707,3.006679961510034
aestus,181,7294,2.4814916369618865
ultrasound,1625,102692,1.582401745023955
agnostic Gnosis,938,66199,1.4169398329279899
bloxroute (regulated),4,54356,0.007358893222459342
eden,0,291,0.0
flashbots,0,65458,0.0
