relay,non_censored_blocks,all_blocks,share
aestus,1154,13114,8.799755985969194
manifold,80,997,8.02407221664995
titan,735,13184,5.574939320388349
agnostic Gnosis,1785,53014,3.367035122797751
ultrasound,2892,103147,2.803765499723695
bloxroute (regulated),4,66731,0.005994215581963405
bloxroute (max profit),5,88830,0.005628729032984352
eden,0,38,0.0
flashbots,0,28094,0.0
