relay,non_censored_blocks,all_blocks,share
manifold,106,923,11.484290357529794
aestus,660,10557,6.251776072747941
titan,246,4826,5.097389142146706
agnostic Gnosis,1610,59020,2.727888851236869
ultrasound,2733,104064,2.6262684501845017
bloxroute (max profit),66,82945,0.07957079992766292
bloxroute (regulated),2,44123,0.004532783355619518
eden,0,264,0.0
flashbots,0,38724,0.0
