relay,non_censored_blocks,all_blocks,share
manifold,74,594,12.457912457912458
aestus,680,13664,4.976580796252927
agnostic Gnosis,1283,43527,2.947595745169665
ultrasound,2239,80521,2.7806410749990684
bloxroute (max profit),132,76667,0.17217316446450234
bloxroute (regulated),57,54236,0.10509624603584336
eden,0,511,0.0
flashbots,0,58585,0.0
