relay,non_censored_blocks,all_blocks,share
ultrasound,5578,98833,5.6438638916151485
bloxroute (regulated),2878,54722,5.259310697708417
bloxroute (max profit),3763,72780,5.170376477054136
titan,774,17723,4.367206454889127
flashbots,483,12014,4.020309638754786
aestus,231,5895,3.9185750636132317
agnostic Gnosis,127,4278,2.9686769518466574
