relay,non_censored_blocks,all_blocks,share
manifold,71,818,8.679706601466993
aestus,644,11111,5.796057960579605
titan,279,5903,4.726410299847536
agnostic Gnosis,1406,58017,2.4234276160435733
ultrasound,2355,104751,2.248188561445714
bloxroute (max profit),33,87224,0.037833623773273414
bloxroute (regulated),2,46757,0.004277434394849969
flashbots,0,36946,0.0
eden,0,205,0.0
