relay,non_censored_blocks,all_blocks,share
manifold,67,798,8.395989974937343
aestus,378,10540,3.586337760910816
ultrasound,1944,88435,2.1982246847967435
agnostic Gnosis,728,39043,1.864610813718208
bloxroute (max profit),10,79237,0.012620366747857693
bloxroute (regulated),4,51777,0.0077254379357629835
eden,0,567,0.0
flashbots,0,47972,0.0
