relay,non_censored_blocks,all_blocks,share
manifold,4,10,40.0
agnostic Gnosis,898,14374,6.247391122860721
ultrasound,5768,124040,4.650112866817156
aestus,361,9363,3.8556018370180496
titan,1588,50140,3.167132030315117
bloxroute (regulated),786,90904,0.8646484203115374
bloxroute (max profit),845,102897,0.8212095590736367
flashbots,98,15018,0.6525502730057264
