relay,non_censored_blocks,all_blocks,share
manifold,4,14,28.57142857142857
agnostic Gnosis,484,8713,5.554917938712269
ultrasound,6193,130002,4.763772865032846
titan,1825,48734,3.744818812328149
bloxroute (regulated),3093,91411,3.3836190392841123
bloxroute (max profit),3468,106155,3.2669210117281335
aestus,194,6128,3.1657963446475192
flashbots,389,15128,2.571390798519302
