relay,non_censored_blocks,all_blocks,share
manifold,13,88,14.772727272727273
agnostic Gnosis,1550,21549,7.192909183720822
aestus,282,6050,4.661157024793389
ultrasound,6142,138271,4.442001576614041
titan,1648,47818,3.4464009368856914
flashbots,0,20306,0.0
bloxroute (max profit),0,119875,0.0
bloxroute (regulated),0,102937,0.0
