relay,non_censored_blocks,all_blocks,share
manifold,4,10,40.0
agnostic Gnosis,869,14058,6.181533646322379
ultrasound,5800,125011,4.639591715928999
aestus,352,9090,3.8723872387238725
titan,1563,49579,3.152544424050505
bloxroute (regulated),910,91129,0.9985844242776722
bloxroute (max profit),991,103113,0.9610815319115921
flashbots,114,15009,0.7595442734359384
