relay,non_censored_blocks,all_blocks,share
manifold,49,507,9.664694280078894
aestus,364,9354,3.8913833654051744
ultrasound,2275,95730,2.376475504021728
agnostic Gnosis,910,42514,2.1404713741355788
bloxroute (max profit),14,78476,0.017839849125847393
bloxroute (regulated),3,48647,0.006166875655230539
eden,0,397,0.0
flashbots,0,46088,0.0
