relay,non_censored_blocks,all_blocks,share
manifold,46,449,10.244988864142538
aestus,253,8598,2.942544777855315
agnostic Gnosis,634,25962,2.4420306601956705
ultrasound,2258,107648,2.097577288941736
titan,250,15129,1.652455548945733
eden,3,664,0.4518072289156626
bloxroute (max profit),3,105729,0.0028374428964617086
bloxroute (regulated),2,79461,0.002516958004555694
flashbots,0,22280,0.0
