relay,non_censored_blocks,all_blocks,share
manifold,23,147,15.646258503401361
agnostic Gnosis,783,19956,3.9236319903788335
aestus,273,8614,3.1692593452519153
ultrasound,2771,137898,2.0094562647754137
bloxroute (max profit),16,119853,0.01334968669954027
bloxroute (regulated),10,93559,0.010688442587030644
flashbots,0,22497,0.0
