relay,non_censored_blocks,all_blocks,share
manifold,20,104,19.230769230769234
agnostic Gnosis,1962,20657,9.497990995788353
aestus,415,5909,7.023184972076494
ultrasound,6776,142776,4.745895668739844
bloxroute (max profit),41,119946,0.03418204858853151
bloxroute (regulated),5,102112,0.0048965841429019115
flashbots,0,22181,0.0
