relay,non_censored_blocks,all_blocks,share
manifold,19,88,21.59090909090909
agnostic Gnosis,1450,21486,6.748580471004375
ultrasound,5668,132991,4.261942537464941
aestus,339,8192,4.13818359375
titan,1140,50283,2.2671678300817377
bloxroute (max profit),0,112110,0.0
flashbots,0,16929,0.0
bloxroute (regulated),0,99130,0.0
