relay,non_censored_blocks,all_blocks,share
aestus,1157,14328,8.075097710776102
manifold,62,928,6.68103448275862
titan,589,12324,4.779292437520286
agnostic Gnosis,1624,53715,3.02336405100996
ultrasound,2637,107808,2.446015138023152
bloxroute (regulated),3,69282,0.004330129037845328
bloxroute (max profit),3,90871,0.0033013832795941497
flashbots,0,29593,0.0
eden,0,39,0.0
