relay,non_censored_blocks,all_blocks,share
ultrasound,4834,108187,4.468189338829989
bloxroute (regulated),2330,54855,4.247561753714338
bloxroute (max profit),3170,76259,4.156886400293736
titan,877,24498,3.5798840721691567
flashbots,451,13301,3.3907225020675136
aestus,115,3810,3.0183727034120733
agnostic Gnosis,163,5713,2.853141956940312
manifold,0,1,0.0
