relay,non_censored_blocks,all_blocks,share
manifold,10,77,12.987012987012985
agnostic Gnosis,791,17696,4.46993670886076
aestus,228,5732,3.9776692254012564
ultrasound,2438,109070,2.235261758503713
bloxroute (regulated),1,90831,0.0011009457123669231
bloxroute (max profit),1,106707,0.0009371456418041928
flashbots,0,19339,0.0
