relay,non_censored_blocks,all_blocks,share
manifold,49,620,7.903225806451612
aestus,530,10085,5.25532969757065
titan,180,9236,1.9488956258120398
ultrasound,2292,120030,1.9095226193451635
agnostic Gnosis,894,52685,1.6968776691657967
bloxroute (max profit),2,92854,0.002153919055721886
bloxroute (regulated),1,77685,0.001287249790821909
flashbots,0,25737,0.0
eden,0,36,0.0
