relay,non_censored_blocks,all_blocks,share
manifold,26,569,4.569420035149385
aestus,240,11064,2.1691973969631237
ultrasound,1987,116743,1.7020292437233926
agnostic Gnosis,513,36930,1.3891145410235581
titan,161,12360,1.302588996763754
bloxroute (regulated),3,75858,0.003954757573360753
bloxroute (max profit),2,88619,0.002256852368002347
eden,0,17,0.0
flashbots,0,25430,0.0
