relay,non_censored_blocks,all_blocks,share
manifold,23,615,3.7398373983739837
aestus,217,10811,2.0072148737397097
ultrasound,1800,114127,1.5771903230611513
agnostic Gnosis,478,31687,1.508505065168681
titan,154,12798,1.2033130176590092
bloxroute (max profit),3,92329,0.003249249964799792
bloxroute (regulated),2,77171,0.0025916471213279597
eden,0,23,0.0
flashbots,0,24698,0.0
