relay,non_censored_blocks,all_blocks,share
manifold,73,391,18.67007672634271
aestus,566,11054,5.120318436764972
ultrasound,2296,85235,2.693729101894762
agnostic Gnosis,1145,42763,2.6775483478708226
bloxroute (max profit),25,75799,0.03298196546128577
bloxroute (regulated),3,55151,0.005439611249116063
flashbots,0,59458,0.0
eden,0,586,0.0
