relay,non_censored_blocks,all_blocks,share
manifold,62,204,30.392156862745097
aestus,331,5782,5.724662746454514
ultrasound,2836,96807,2.929540219199025
bloxroute (max profit),1697,67138,2.527629658315708
agnostic Gnosis,1277,57008,2.240036486107213
bloxroute (regulated),9,44376,0.020281233098972416
blocknative,0,18607,0.0
flashbots,0,67288,0.0
eden,0,934,0.0
