relay,non_censored_blocks,all_blocks,share
manifold,29,173,16.76300578034682
agnostic Gnosis,904,20792,4.3478260869565215
aestus,318,8877,3.582291314633322
ultrasound,3085,136354,2.262493216187277
bloxroute (max profit),2,120676,0.0016573303722364017
flashbots,0,20618,0.0
bloxroute (regulated),0,91943,0.0
