relay,non_censored_blocks,all_blocks,share
manifold,93,903,10.299003322259136
aestus,616,10681,5.76725025746653
titan,265,5386,4.920163386557743
agnostic Gnosis,1445,58859,2.4550196231672303
ultrasound,2458,104171,2.359581841395398
bloxroute (max profit),47,84244,0.05579032334646978
bloxroute (regulated),1,45155,0.0022145941756173183
flashbots,0,37889,0.0
eden,0,236,0.0
