relay,non_censored_blocks,all_blocks,share
manifold,4,14,28.57142857142857
agnostic Gnosis,513,9175,5.591280653950954
ultrasound,5937,129895,4.570614727279726
titan,1711,48852,3.5024154589371985
aestus,199,6582,3.0233971437253113
bloxroute (regulated),2714,91540,2.964824120603015
bloxroute (max profit),3043,105710,2.8786302147384353
flashbots,324,14871,2.17873713939883
