relay,non_censored_blocks,all_blocks,share
manifold,13,82,15.853658536585366
agnostic Gnosis,755,20214,3.735035124171367
ultrasound,3347,141928,2.3582379798207542
aestus,143,6192,2.309431524547804
titan,932,48113,1.9371063953609213
bloxroute (max profit),1,122306,0.0008176213758932514
bloxroute (regulated),0,102476,0.0
flashbots,0,22799,0.0
