relay,non_censored_blocks,all_blocks,share
ultrasound,4618,100564,4.592100552881747
bloxroute (max profit),3051,70551,4.3245311902028325
bloxroute (regulated),2288,53810,4.251997769931239
titan,589,15104,3.8996292372881354
aestus,303,8188,3.700537371763556
agnostic Gnosis,257,7005,3.6688079942897933
flashbots,452,13608,3.321575543797766
