relay,non_censored_blocks,all_blocks,share
manifold,18,165,10.909090909090908
agnostic Gnosis,1055,21820,4.835013748854262
aestus,352,8899,3.955500618046971
titan,52,1875,2.7733333333333334
ultrasound,3394,131613,2.578772613647588
eden,4,421,0.9501187648456058
bloxroute (max profit),2,119760,0.0016700066800267202
bloxroute (regulated),1,90783,0.001101527819085071
flashbots,0,20231,0.0
