relay,non_censored_blocks,all_blocks,share
manifold,56,328,17.073170731707318
aestus,284,6292,4.513668150031786
bloxroute (max profit),2092,71334,2.9326828721226903
ultrasound,1963,102012,1.9242834176371408
agnostic Gnosis,948,61010,1.553843632191444
bloxroute (regulated),15,51235,0.02927686152044501
eden,0,401,0.0
flashbots,0,64687,0.0
