relay,non_censored_blocks,all_blocks,share
ultrasound,5368,97653,5.497014940657225
bloxroute (regulated),2837,55274,5.132612078011362
bloxroute (max profit),3782,73831,5.122509514973385
titan,738,17323,4.260232061421232
flashbots,476,12016,3.96138482023968
aestus,236,6065,3.891178895300907
agnostic Gnosis,134,4435,3.0214205186020293
