relay,non_censored_blocks,all_blocks,share
manifold,15,42,35.714285714285715
agnostic Gnosis,1007,18887,5.331709641552391
ultrasound,4938,121967,4.0486361064878205
aestus,365,9173,3.979069006867982
titan,1136,52054,2.182349099012564
bloxroute (regulated),1,95740,0.0010444955086693127
bloxroute (max profit),1,106117,0.0009423560786678855
flashbots,0,15206,0.0
