relay,non_censored_blocks,all_blocks,share
manifold,21,81,25.925925925925924
agnostic Gnosis,1241,21034,5.899971474755159
aestus,225,5821,3.865315237931627
ultrasound,5228,139799,3.7396547900914885
titan,1410,45652,3.0885831946026463
bloxroute (max profit),0,121564,0.0
bloxroute (regulated),0,103662,0.0
flashbots,0,21389,0.0
