relay,non_censored_blocks,all_blocks,share
ultrasound,4757,115820,4.107235365221896
bloxroute (regulated),2569,65112,3.9455092763238726
bloxroute (max profit),3386,86648,3.907764749330625
titan,890,26908,3.3075665229671474
flashbots,461,14234,3.2387241815371643
aestus,120,4759,2.5215381382643414
agnostic Gnosis,182,7328,2.4836244541484715
manifold,0,4,0.0
