relay,non_censored_blocks,all_blocks,share
manifold,17,75,22.666666666666664
agnostic Gnosis,1726,21947,7.864400601448946
ultrasound,6697,136746,4.897401020870812
aestus,341,7241,4.709294296367905
titan,1743,51515,3.383480539648646
flashbots,0,18417,0.0
bloxroute (max profit),0,116704,0.0
bloxroute (regulated),0,101344,0.0
