relay,non_censored_blocks,all_blocks,share
manifold,26,129,20.155038759689923
agnostic Gnosis,642,19804,3.241769339527368
aestus,246,7857,3.1309660175639555
ultrasound,2334,135218,1.7261015545267642
bloxroute (max profit),27,120901,0.022332321486174637
bloxroute (regulated),20,99554,0.020089599614279686
flashbots,0,25785,0.0
