relay,non_censored_blocks,all_blocks,share
manifold,13,86,15.11627906976744
agnostic Gnosis,1601,21624,7.403810580836108
aestus,290,6157,4.710086080883547
ultrasound,6316,138094,4.573696177965734
titan,1677,48282,3.4733441033925687
bloxroute (max profit),0,119423,0.0
bloxroute (regulated),0,102777,0.0
flashbots,0,20127,0.0
