relay,non_censored_blocks,all_blocks,share
manifold,60,738,8.130081300813007
aestus,641,11274,5.685648394536101
titan,344,7702,4.466372370812776
agnostic Gnosis,1369,58114,2.355714629865437
ultrasound,2267,104794,2.1632917915147813
bloxroute (max profit),24,95582,0.02510933020861669
bloxroute (regulated),1,49847,0.0020061387846811245
eden,0,86,0.0
flashbots,0,39077,0.0
