relay,non_censored_blocks,all_blocks,share
ultrasound,5736,103217,5.557224100681089
bloxroute (regulated),2626,48222,5.445647214964124
bloxroute (max profit),3580,67764,5.283041142789681
titan,881,19528,4.511470708725932
flashbots,497,11689,4.251860723757379
aestus,119,3015,3.946932006633499
agnostic Gnosis,114,3651,3.122432210353328
