relay,non_censored_blocks,all_blocks,share
manifold,21,75,28.000000000000004
agnostic Gnosis,1112,20661,5.382120904118872
aestus,210,5926,3.543705703678704
ultrasound,4902,140646,3.4853461883025467
titan,1369,47571,2.8778037039372726
bloxroute (max profit),0,122552,0.0
bloxroute (regulated),0,104145,0.0
flashbots,0,21522,0.0
