relay,non_censored_blocks,all_blocks,share
manifold,27,122,22.131147540983605
agnostic Gnosis,662,19868,3.3319911415341257
aestus,255,7837,3.2537960954446854
ultrasound,2358,135234,1.743644349793691
bloxroute (max profit),27,121446,0.022232103156958647
bloxroute (regulated),20,100274,0.01994534974170772
flashbots,0,25912,0.0
