relay,non_censored_blocks,all_blocks,share
manifold,4,12,33.33333333333333
agnostic Gnosis,633,11053,5.726951958744232
ultrasound,5743,130460,4.402115590985742
titan,1567,47736,3.2826378414613706
aestus,245,7618,3.2160672092412703
bloxroute (regulated),1938,91245,2.1239519973697187
bloxroute (max profit),2163,104947,2.0610403346451065
flashbots,228,14409,1.5823443681032687
