relay,non_censored_blocks,all_blocks,share
manifold,45,600,7.5
aestus,467,9518,4.90649296070603
ultrasound,2218,118571,1.8706091708765211
titan,161,9056,1.777826855123675
agnostic Gnosis,812,50236,1.6163707301536747
bloxroute (max profit),2,90397,0.002212462802969125
bloxroute (regulated),1,76093,0.0013141813307400154
flashbots,0,24838,0.0
eden,0,35,0.0
