relay,non_censored_blocks,all_blocks,share
manifold,52,512,10.15625
aestus,466,11003,4.235208579478324
ultrasound,2394,100315,2.3864825798733986
agnostic Gnosis,1021,47879,2.132458906827628
bloxroute (max profit),51,78642,0.06485084306095978
flashbots,2,48546,0.004119803897334487
bloxroute (regulated),1,48437,0.0020645374403864816
eden,0,387,0.0
