relay,non_censored_blocks,all_blocks,share
manifold,19,72,26.38888888888889
agnostic Gnosis,1070,20660,5.179090029041626
ultrasound,4721,140820,3.352506746200824
aestus,199,5961,3.3383660459654423
titan,1356,48267,2.8093728634470754
flashbots,0,21624,0.0
bloxroute (regulated),0,104287,0.0
bloxroute (max profit),0,122854,0.0
