relay,non_censored_blocks,all_blocks,share
ultrasound,3040,65097,4.669954068543865
titan,742,18879,3.9302929180571002
bloxroute (max profit),2226,73797,3.0163827797877962
agnostic Gnosis,409,15029,2.7214052831193025
aestus,450,16738,2.688493248894731
bloxroute (regulated),948,36721,2.5816290406034694
flashbots,256,10403,2.460828607132558
