relay,non_censored_blocks,all_blocks,share
ultrasound,5117,120484,4.247036950964443
bloxroute (regulated),3080,73464,4.192529674398345
bloxroute (max profit),3807,94096,4.04586804965142
titan,1048,30571,3.4280854404500993
flashbots,504,15045,3.3499501495513457
aestus,121,4876,2.4815422477440525
agnostic Gnosis,181,7588,2.385345282024249
manifold,0,5,0.0
