relay,non_censored_blocks,all_blocks,share
manifold,64,828,7.729468599033816
aestus,815,11685,6.974753958065897
titan,616,10643,5.78784177393592
agnostic Gnosis,1627,55834,2.9139950567754416
ultrasound,2737,102480,2.670765027322404
bloxroute (max profit),10,92212,0.010844575543313235
bloxroute (regulated),5,60042,0.008327504080477
flashbots,1,31547,0.0031698735220464704
eden,0,45,0.0
