relay,non_censored_blocks,all_blocks,share
agnostic Gnosis,406,8878,4.573102050011264
ultrasound,4934,108083,4.565010223624437
bloxroute (regulated),2536,56403,4.49621474035069
bloxroute (max profit),3195,73715,4.3342603269348166
titan,636,14732,4.317132772196579
aestus,333,7807,4.265402843601896
flashbots,482,13667,3.52674325016463
