relay,non_censored_blocks,all_blocks,share
manifold,4,14,28.57142857142857
agnostic Gnosis,502,8930,5.621500559910415
ultrasound,6021,129937,4.633784064585146
titan,1746,48782,3.5791890451396005
bloxroute (regulated),2848,91525,3.111718109806064
aestus,197,6403,3.0766828049351864
bloxroute (max profit),3195,105988,3.0144922066649054
flashbots,340,15010,2.2651565622918057
