relay,non_censored_blocks,all_blocks,share
manifold,4,10,40.0
agnostic Gnosis,902,14266,6.322725360998177
ultrasound,5747,121970,4.71181438058539
aestus,360,9293,3.873883568277198
titan,1594,49512,3.219421554370658
bloxroute (regulated),750,89450,0.8384572386808273
bloxroute (max profit),793,101180,0.7837517295908283
flashbots,92,14790,0.6220419202163624
