relay,non_censored_blocks,all_blocks,share
manifold,63,856,7.359813084112149
aestus,546,12627,4.324067474459492
ultrasound,1937,81674,2.371623772559199
agnostic Gnosis,940,41391,2.2710251020753303
bloxroute (max profit),137,81756,0.16757179901169333
bloxroute (regulated),60,54550,0.10999083409715857
flashbots,0,51860,0.0
eden,0,550,0.0
