relay,non_censored_blocks,all_blocks,share
manifold,94,475,19.789473684210527
aestus,355,7191,4.936726463635099
ultrasound,2923,91848,3.182431843916035
bloxroute (max profit),1859,68298,2.7218952238718557
agnostic Gnosis,1401,55734,2.5137259123694693
bloxroute (regulated),6,43815,0.013693940431359124
flashbots,0,68506,0.0
eden,0,1808,0.0
blocknative,0,26373,0.0
