relay,non_censored_blocks,all_blocks,share
ultrasound,5238,121484,4.31167890421784
bloxroute (regulated),3188,75041,4.248344238482963
bloxroute (max profit),3913,95635,4.091598264233806
titan,1092,31861,3.42738771538872
flashbots,504,15214,3.312738267385303
aestus,117,4879,2.3980323836851816
agnostic Gnosis,179,7608,2.3527865404837014
manifold,0,5,0.0
