relay,non_censored_blocks,all_blocks,share
manifold,76,562,13.523131672597867
aestus,661,13310,4.966190833959429
agnostic Gnosis,1243,42835,2.9018326135169836
ultrasound,2245,81600,2.751225490196078
bloxroute (max profit),110,76130,0.144489688690398
bloxroute (regulated),50,54465,0.09180207472688882
flashbots,0,59185,0.0
eden,0,505,0.0
