relay,non_censored_blocks,all_blocks,share
ultrasound,4676,107341,4.3562105812317755
agnostic Gnosis,373,8654,4.310145597411601
bloxroute (regulated),2199,53409,4.117283603886985
bloxroute (max profit),2801,69552,4.027202668507016
aestus,275,7124,3.8601909039865245
titan,485,12850,3.77431906614786
flashbots,514,14900,3.449664429530201
