relay,non_censored_blocks,all_blocks,share
agnostic Gnosis,377,8746,4.31054196203979
ultrasound,4614,107165,4.305510194559791
bloxroute (regulated),2310,54778,4.2170214319617365
bloxroute (max profit),2919,71024,4.10987835097995
titan,496,12958,3.827751196172249
aestus,275,7355,3.7389530931339223
flashbots,508,15007,3.385086959418938
