relay,non_censored_blocks,all_blocks,share
manifold,59,722,8.171745152354571
aestus,636,11090,5.734896302975654
titan,324,7030,4.608819345661451
agnostic Gnosis,1370,58302,2.349833624918528
ultrasound,2289,105100,2.1779257849666984
bloxroute (max profit),26,94259,0.027583572921418643
bloxroute (regulated),2,48936,0.004086970737289521
eden,0,106,0.0
flashbots,0,38235,0.0
