relay,non_censored_blocks,all_blocks,share
manifold,5,97,5.154639175257731
agnostic Gnosis,755,20388,3.7031587208161665
aestus,178,6082,2.926668858927984
ultrasound,2495,135392,1.842797211061215
bloxroute (max profit),2,121201,0.0016501514013910778
bloxroute (regulated),1,102714,0.0009735771170434409
flashbots,0,21302,0.0
