relay,non_censored_blocks,all_blocks,share
manifold,67,789,8.491761723700888
aestus,708,14495,4.88444291134874
ultrasound,2195,81066,2.7076702933412284
agnostic Gnosis,1220,45547,2.6785518255867564
bloxroute (max profit),135,77370,0.17448623497479643
bloxroute (regulated),58,52938,0.10956212928331255
eden,0,597,0.0
flashbots,0,54899,0.0
