relay,non_censored_blocks,all_blocks,share
manifold,16,79,20.253164556962027
agnostic Gnosis,1733,22138,7.8281687595988805
ultrasound,6693,136632,4.898559634639031
aestus,346,7387,4.683904155949641
titan,1740,51597,3.3722890865748005
bloxroute (max profit),0,116537,0.0
flashbots,0,18312,0.0
bloxroute (regulated),0,101180,0.0
