relay,non_censored_blocks,all_blocks,share
manifold,39,253,15.41501976284585
bloxroute (max profit),2717,67720,4.0121086828115775
aestus,258,9184,2.809233449477352
ultrasound,2204,102597,2.148210961334152
agnostic Gnosis,1229,65221,1.8843623986139435
bloxroute (regulated),6,50562,0.011866619200189867
eden,0,360,0.0
flashbots,0,62746,0.0
