relay,non_censored_blocks,all_blocks,share
manifold,74,640,11.5625
aestus,751,14128,5.31568516421291
ultrasound,2367,80306,2.9474759046646577
agnostic Gnosis,1333,46002,2.897700099995652
bloxroute (max profit),132,75864,0.17399557102182853
bloxroute (regulated),57,53572,0.1063988650787725
eden,0,599,0.0
flashbots,0,56671,0.0
