relay,non_censored_blocks,all_blocks,share
ultrasound,3040,63539,4.784463085663923
bloxroute (max profit),2226,48115,4.62641587862413
aestus,450,10072,4.467831612390786
bloxroute (regulated),948,21815,4.345633738253495
agnostic Gnosis,409,9542,4.286313141898973
titan,742,17402,4.263877715205148
flashbots,256,6395,4.00312744331509
