relay,non_censored_blocks,all_blocks,share
manifold,54,331,16.314199395770395
aestus,324,6234,5.19730510105871
bloxroute (max profit),1742,68306,2.5502884080461454
ultrasound,2249,104094,2.160547197725133
agnostic Gnosis,996,59634,1.670188147700976
bloxroute (regulated),18,49575,0.036308623298033284
blocknative,0,171,0.0
flashbots,0,65861,0.0
eden,0,495,0.0
