relay,non_censored_blocks,all_blocks,share
manifold,10,90,11.11111111111111
agnostic Gnosis,791,20787,3.8052629047000526
aestus,228,6766,3.369790127106119
ultrasound,2438,126636,1.9252029438706213
bloxroute (regulated),1,105229,0.0009503083750677095
bloxroute (max profit),1,123705,0.0008083747625399135
flashbots,0,23482,0.0
