relay,non_censored_blocks,all_blocks,share
ultrasound,4545,113312,4.011049138661395
bloxroute (regulated),2385,62234,3.832310312690812
bloxroute (max profit),3204,84096,3.809931506849315
titan,846,26256,3.2221206581352835
flashbots,437,13911,3.141398892962404
aestus,115,4595,2.50272034820457
agnostic Gnosis,169,6999,2.414630661523075
manifold,0,3,0.0
