relay,non_censored_blocks,all_blocks,share
manifold,19,90,21.11111111111111
agnostic Gnosis,1954,19364,10.090890311919026
aestus,409,5567,7.346865457158254
ultrasound,6875,135139,5.0873545016612525
titan,39,1731,2.2530329289428077
bloxroute (max profit),41,112796,0.03634880669527288
bloxroute (regulated),5,96186,0.005198261701287089
flashbots,0,20967,0.0
