relay,non_censored_blocks,all_blocks,share
manifold,25,128,19.53125
agnostic Gnosis,628,19631,3.199021955071061
aestus,240,7866,3.051106025934401
ultrasound,2322,135067,1.7191467938134408
bloxroute (max profit),27,120541,0.02239901776159149
bloxroute (regulated),20,98983,0.02020548983158724
flashbots,0,25613,0.0
