relay,non_censored_blocks,all_blocks,share
ultrasound,4979,107478,4.632575969035523
bloxroute (regulated),2363,53536,4.413852361028094
bloxroute (max profit),3207,74654,4.2958180405604525
titan,898,23986,3.743850579504711
flashbots,459,12916,3.5537318055125424
aestus,115,3601,3.193557345181894
agnostic Gnosis,159,5378,2.9564894012644105
