relay,non_censored_blocks,all_blocks,share
manifold,16,66,24.242424242424242
agnostic Gnosis,1282,20498,6.254268709142355
ultrasound,5562,124908,4.452877317705831
aestus,389,9205,4.225964149918523
titan,1187,52570,2.257941791896519
flashbots,0,15758,0.0
bloxroute (regulated),0,96823,0.0
bloxroute (max profit),0,107982,0.0
