relay,non_censored_blocks,all_blocks,share
manifold,72,252,28.57142857142857
aestus,346,6310,5.483359746434231
ultrasound,2946,94548,3.1158776494478997
bloxroute (max profit),1777,66909,2.6558459997907606
agnostic Gnosis,1343,56553,2.374763496189415
bloxroute (regulated),8,44452,0.017996940520111582
eden,0,1313,0.0
blocknative,0,21951,0.0
flashbots,0,67451,0.0
