relay,non_censored_blocks,all_blocks,share
manifold,56,330,16.969696969696972
aestus,285,6270,4.545454545454546
bloxroute (max profit),2022,70969,2.849131310854035
ultrasound,1954,102217,1.911619397947504
agnostic Gnosis,927,60783,1.5250974779132322
bloxroute (regulated),15,51087,0.02936167713899818
flashbots,0,64664,0.0
eden,0,409,0.0
