relay,non_censored_blocks,all_blocks,share
manifold,44,605,7.2727272727272725
aestus,399,9505,4.197790636507102
ultrasound,2152,120338,1.7882962987584967
titan,150,9405,1.5948963317384368
agnostic Gnosis,746,50229,1.4851977941030083
bloxroute (max profit),2,91552,0.0021845508563439354
bloxroute (regulated),1,77256,0.0012943978461219842
eden,0,35,0.0
flashbots,0,25173,0.0
