relay,non_censored_blocks,all_blocks,share
manifold,16,71,22.535211267605636
agnostic Gnosis,1324,21114,6.270720848725963
ultrasound,5479,128452,4.26540653317971
aestus,357,8933,3.996417776782716
titan,1105,52220,2.116047491382612
flashbots,0,16131,0.0
bloxroute (max profit),0,109681,0.0
bloxroute (regulated),0,97812,0.0
