relay,non_censored_blocks,all_blocks,share
manifold,21,86,24.418604651162788
agnostic Gnosis,1753,22303,7.859929157512442
ultrasound,6753,136281,4.955202852928875
aestus,358,7584,4.720464135021097
titan,1733,51470,3.3670099086846705
bloxroute (regulated),0,100554,0.0
flashbots,0,17924,0.0
bloxroute (max profit),0,115574,0.0
