relay,non_censored_blocks,all_blocks,share
manifold,50,681,7.342143906020558
aestus,826,11691,7.0652638781969035
titan,359,10251,3.5020973563554776
agnostic Gnosis,1212,53329,2.27268465562827
ultrasound,2395,117378,2.040416432380855
bloxroute (max profit),2,93442,0.002140365146293958
bloxroute (regulated),1,76709,0.0013036279967148573
eden,0,42,0.0
flashbots,0,26672,0.0
