relay,non_censored_blocks,all_blocks,share
manifold,10,97,10.309278350515463
agnostic Gnosis,784,21852,3.5877722862895847
aestus,226,7267,3.109949084904362
ultrasound,2442,133397,1.8306258761441412
bloxroute (max profit),4,129683,0.0030844443759012363
bloxroute (regulated),3,110369,0.0027181545542679557
flashbots,0,25305,0.0
