relay,non_censored_blocks,all_blocks,share
manifold,32,539,5.936920222634509
aestus,286,9901,2.8885971114028886
ultrasound,2161,118083,1.830068680504391
titan,168,11452,1.466992665036675
agnostic Gnosis,605,44322,1.3650106042146113
bloxroute (regulated),2,75873,0.0026359838150593756
bloxroute (max profit),1,88579,0.0011289357522663386
flashbots,0,24613,0.0
eden,0,19,0.0
