relay,non_censored_blocks,all_blocks,share
manifold,36,600,6.0
aestus,221,9702,2.2778808493094207
agnostic Gnosis,532,26962,1.9731473926266598
ultrasound,1909,111080,1.7185812027367662
titan,185,13451,1.3753624265853839
bloxroute (max profit),4,98862,0.004046043980498068
bloxroute (regulated),2,79478,0.0025164196381388558
eden,0,28,0.0
flashbots,0,23952,0.0
