relay,non_censored_blocks,all_blocks,share
ultrasound,4958,117851,4.2070071531001005
bloxroute (regulated),2754,68303,4.032033732046909
bloxroute (max profit),3555,89613,3.967058350908909
titan,940,28342,3.316632559452403
flashbots,476,14615,3.256927813889839
aestus,126,4856,2.594728171334432
agnostic Gnosis,183,7533,2.429311031461569
manifold,0,5,0.0
