relay,non_censored_blocks,all_blocks,share
manifold,110,592,18.58108108108108
aestus,335,7741,4.327606252422168
ultrasound,2783,87725,3.1724137931034484
bloxroute (max profit),1947,69700,2.793400286944046
agnostic Gnosis,1397,54722,2.552903768137129
bloxroute (regulated),5,43359,0.011531631264558685
eden,0,2285,0.0
blocknative,0,31513,0.0
flashbots,0,66462,0.0
