relay,non_censored_blocks,all_blocks,share
ultrasound,5631,132649,4.24503765576823
bloxroute (regulated),3789,91381,4.14637616134645
bloxroute (max profit),4385,108104,4.056279138607267
titan,1589,44201,3.59494129092102
flashbots,493,15947,3.0914905624882425
agnostic Gnosis,165,7828,2.1078180889115994
aestus,99,4970,1.9919517102615696
manifold,0,13,0.0
