relay,non_censored_blocks,all_blocks,share
ultrasound,5238,98975,5.292245516544582
bloxroute (regulated),2688,54765,4.908244316625582
bloxroute (max profit),3494,71908,4.85898648272793
titan,733,16712,4.386069889899473
aestus,294,7301,4.026845637583892
flashbots,490,12227,4.007524331397726
agnostic Gnosis,226,5729,3.944842031768197
