relay,non_censored_blocks,all_blocks,share
manifold,56,332,16.867469879518072
aestus,350,6384,5.482456140350877
bloxroute (max profit),1718,67758,2.535493963812391
ultrasound,2361,103314,2.2852662756257622
agnostic Gnosis,1035,58801,1.7601741466981853
bloxroute (regulated),18,48268,0.03729178751968178
blocknative,0,3051,0.0
flashbots,0,66271,0.0
eden,0,508,0.0
