relay,non_censored_blocks,all_blocks,share
aestus,830,8505,9.75896531452087
manifold,67,756,8.862433862433862
titan,606,8869,6.8327883639643705
agnostic Gnosis,1641,43041,3.8126437582769914
ultrasound,2756,80460,3.4253044991300023
bloxroute (max profit),9,69957,0.012865045670912132
bloxroute (regulated),5,51136,0.00977784730913642
flashbots,0,21148,0.0
eden,0,36,0.0
