relay,non_censored_blocks,all_blocks,share
manifold,54,627,8.61244019138756
aestus,243,8714,2.7886160201973835
agnostic Gnosis,554,26591,2.083411680643827
ultrasound,2027,107465,1.886195505513423
titan,207,14557,1.4219962904444596
bloxroute (max profit),4,103394,0.003868696442733621
bloxroute (regulated),1,78577,0.0012726370311923335
flashbots,0,23199,0.0
eden,0,25,0.0
