relay,non_censored_blocks,all_blocks,share
manifold,58,727,7.977991746905088
aestus,638,11130,5.73225516621743
titan,340,7448,4.564983888292159
agnostic Gnosis,1364,58234,2.342274272761617
ultrasound,2265,104762,2.162043489051374
bloxroute (max profit),26,94926,0.027389756231169543
bloxroute (regulated),1,49501,0.0020201612088644673
flashbots,0,38775,0.0
eden,0,91,0.0
