relay,non_censored_blocks,all_blocks,share
manifold,24,137,17.51824817518248
agnostic Gnosis,585,18874,3.0995019603687615
aestus,239,8217,2.9086041134233906
ultrasound,2401,137835,1.7419378242101065
bloxroute (max profit),27,119315,0.022629174873234712
bloxroute (regulated),20,95533,0.020935174232987554
flashbots,0,23939,0.0
