relay,non_censored_blocks,all_blocks,share
manifold,32,549,5.828779599271402
aestus,281,10334,2.7191794077801434
ultrasound,2181,118442,1.8414076087874234
titan,173,11801,1.4659774595373274
agnostic Gnosis,594,42216,1.4070494599204093
bloxroute (regulated),2,75610,0.00264515275757175
bloxroute (max profit),1,87760,0.00113947128532361
flashbots,0,24621,0.0
eden,0,14,0.0
