relay,non_censored_blocks,all_blocks,share
manifold,50,662,7.552870090634441
aestus,791,11455,6.905281536446966
titan,334,10214,3.2700215390640297
agnostic Gnosis,1183,53265,2.220970618605088
ultrasound,2383,117841,2.0222163763036636
bloxroute (max profit),2,93785,0.0021325371861171828
bloxroute (regulated),1,77119,0.0012966973119464722
flashbots,0,26544,0.0
eden,0,41,0.0
