relay,non_censored_blocks,all_blocks,share
ultrasound,3040,65097,4.669954068543865
bloxroute (max profit),2226,56042,3.9720209842618037
titan,742,18879,3.9302929180571002
aestus,450,12012,3.746253746253746
agnostic Gnosis,409,11310,3.616268788682582
bloxroute (regulated),948,26269,3.608816475693784
flashbots,256,7391,3.4636720335543227
