relay,non_censored_blocks,all_blocks,share
manifold,25,132,18.939393939393938
agnostic Gnosis,666,19330,3.445421624418003
aestus,253,8472,2.986307837582625
ultrasound,2547,137508,1.8522558687494546
bloxroute (max profit),28,119621,0.023407261266834418
bloxroute (regulated),20,94904,0.021073927337098543
flashbots,0,23380,0.0
