relay,non_censored_blocks,all_blocks,share
manifold,58,576,10.069444444444445
aestus,307,9452,3.247989843419382
ultrasound,2068,94094,2.197802197802198
agnostic Gnosis,796,41184,1.9327894327894328
bloxroute (max profit),6,79011,0.007593879333257394
bloxroute (regulated),3,49253,0.006090999533023369
eden,0,429,0.0
flashbots,0,44132,0.0
