relay,non_censored_blocks,all_blocks,share
manifold,3,8,37.5
agnostic Gnosis,966,14943,6.46456534832363
ultrasound,5755,120366,4.781250519249622
aestus,377,9212,4.092488059053409
titan,1498,48027,3.119078851479376
bloxroute (regulated),445,90607,0.4911320317414769
bloxroute (max profit),460,101727,0.45219066717783873
flashbots,65,14969,0.43423074353664237
