relay,non_censored_blocks,all_blocks,share
ultrasound,5077,100546,5.049430111590715
bloxroute (max profit),3338,70853,4.711162547810255
bloxroute (regulated),2551,54422,4.687442578369042
titan,690,15730,4.386522568340751
aestus,318,7898,4.026335781210433
agnostic Gnosis,245,6238,3.9275408784866945
flashbots,477,12661,3.7674749229918647
