relay,non_censored_blocks,all_blocks,share
manifold,20,615,3.2520325203252036
aestus,218,10880,2.0036764705882355
ultrasound,1895,115160,1.6455366446682878
agnostic Gnosis,492,33798,1.455707438309959
titan,158,12450,1.2690763052208835
bloxroute (max profit),4,89843,0.004452211079327271
bloxroute (regulated),3,76261,0.00393385872202043
eden,0,21,0.0
flashbots,0,25156,0.0
