relay,non_censored_blocks,all_blocks,share
manifold,60,730,8.21917808219178
aestus,955,13066,7.309046379917343
titan,450,10786,4.172074911922863
agnostic Gnosis,1341,54063,2.4804394872648574
ultrasound,2449,114771,2.1338142910665585
bloxroute (max profit),2,92760,0.00215610176800345
bloxroute (regulated),1,75029,0.0013328179770488746
eden,0,41,0.0
flashbots,0,27873,0.0
