relay,non_censored_blocks,all_blocks,share
agnostic Gnosis,418,5482,7.624954396205765
ultrasound,5134,69173,7.421971000245761
bloxroute (regulated),2638,35844,7.359669679723245
bloxroute (max profit),3377,47864,7.055406986461642
titan,741,10956,6.763417305585981
flashbots,475,7399,6.419786457629409
aestus,344,6098,5.641193834043949
