relay,non_censored_blocks,all_blocks,share
manifold,14,80,17.5
agnostic Gnosis,889,20208,4.399247822644497
aestus,182,6215,2.9283990345937245
ultrasound,3832,142100,2.696692470091485
titan,1094,46885,2.3333688813053217
bloxroute (max profit),3,120223,0.002495362784159437
bloxroute (regulated),0,100801,0.0
flashbots,0,22375,0.0
