relay,non_censored_blocks,all_blocks,share
manifold,13,68,19.11764705882353
agnostic Gnosis,665,20422,3.256292233865439
ultrasound,3072,141531,2.170549208300655
aestus,130,6114,2.126267582597318
titan,863,49908,1.7291816943175442
flashbots,0,22066,0.0
bloxroute (regulated),0,104731,0.0
bloxroute (max profit),0,123783,0.0
