relay,non_censored_blocks,all_blocks,share
manifold,23,131,17.557251908396946
agnostic Gnosis,571,18865,3.026769149218129
aestus,227,8138,2.7893831408208407
ultrasound,2318,137628,1.6842502979044962
bloxroute (max profit),27,119412,0.02261079288513717
bloxroute (regulated),20,96043,0.02082400591401768
flashbots,0,24401,0.0
