relay,non_censored_blocks,all_blocks,share
manifold,10,46,21.73913043478261
agnostic Gnosis,791,11701,6.760105973848389
aestus,228,3703,6.1571698622738325
ultrasound,2438,74006,3.294327486960517
bloxroute (regulated),1,61874,0.0016161877363674564
bloxroute (max profit),1,72919,0.0013713846871185836
flashbots,0,12325,0.0
