relay,non_censored_blocks,all_blocks,share
manifold,64,429,14.918414918414918
aestus,420,10400,4.038461538461538
ultrasound,2024,88232,2.293952307552815
agnostic Gnosis,948,44602,2.125465225774629
bloxroute (max profit),303,74478,0.40683154757109485
bloxroute (regulated),5,54646,0.00914980053434835
flashbots,0,60865,0.0
eden,0,613,0.0
