relay,non_censored_blocks,all_blocks,share
manifold,51,748,6.8181818181818175
aestus,616,11338,5.4330569765390715
titan,365,8476,4.306276545540349
agnostic Gnosis,1298,58166,2.2315442010796684
ultrasound,2150,104335,2.060669957348924
bloxroute (max profit),10,96052,0.010411027360179903
bloxroute (regulated),1,50899,0.001964675140965441
flashbots,0,38618,0.0
eden,0,67,0.0
