relay,non_censored_blocks,all_blocks,share
manifold,13,83,15.66265060240964
agnostic Gnosis,1669,21575,7.735805330243337
aestus,309,6445,4.794414274631497
ultrasound,6593,137652,4.789614389910789
titan,1738,49455,3.5143059346881
bloxroute (max profit),0,118427,0.0
flashbots,0,19722,0.0
bloxroute (regulated),0,102299,0.0
