relay,non_censored_blocks,all_blocks,share
manifold,56,338,16.56804733727811
aestus,266,6401,4.155600687392595
bloxroute (max profit),2193,74286,2.952104030369114
ultrasound,1920,104526,1.8368635554790194
agnostic Gnosis,951,63696,1.4930293896006028
bloxroute (regulated),14,53951,0.025949472669644674
flashbots,0,66969,0.0
eden,0,372,0.0
