relay,non_censored_blocks,all_blocks,share
ultrasound,6022,92133,6.536203097695722
bloxroute (regulated),2903,45805,6.337736055015827
bloxroute (max profit),3808,62490,6.09377500400064
titan,911,17126,5.31939740745066
flashbots,525,10509,4.995717956037682
aestus,154,3262,4.721030042918455
agnostic Gnosis,121,3361,3.6001190121987507
