relay,non_censored_blocks,all_blocks,share
aestus,1155,13514,8.546692319076513
manifold,67,944,7.0974576271186445
titan,705,13009,5.4193250826350985
agnostic Gnosis,1727,53024,3.257015691007845
ultrasound,2827,104488,2.7055738458004748
bloxroute (regulated),4,67708,0.00590772139185916
bloxroute (max profit),5,89760,0.005570409982174688
eden,0,36,0.0
flashbots,0,28940,0.0
