relay,non_censored_blocks,all_blocks,share
titan,741,533,139.02439024390242
bloxroute (regulated),2638,18947,13.923048503720906
bloxroute (max profit),3377,31853,10.601827143440179
flashbots,475,4994,9.511413696435724
agnostic Gnosis,418,6600,6.333333333333334
aestus,344,8118,4.23749692042375
