relay,non_censored_blocks,all_blocks,share
ultrasound,3040,59913,5.074024001468796
bloxroute (max profit),2226,45409,4.902111916139972
aestus,450,9377,4.7989762184067395
bloxroute (regulated),948,20311,4.667421594210034
agnostic Gnosis,409,8959,4.56524165643487
titan,742,16276,4.558859670680757
flashbots,256,6067,4.219548376462832
