relay,non_censored_blocks,all_blocks,share
manifold,72,490,14.69387755102041
aestus,574,12548,4.574434172776538
agnostic Gnosis,1136,42652,2.663415549095001
ultrasound,2119,81557,2.5981828659710384
bloxroute (max profit),38,76830,0.04945984641416114
bloxroute (regulated),17,54728,0.03106271013009794
eden,0,510,0.0
flashbots,0,59387,0.0
