relay,non_censored_blocks,all_blocks,share
manifold,22,584,3.767123287671233
aestus,216,10525,2.0522565320665085
agnostic Gnosis,508,30549,1.6629022226586794
ultrasound,1862,113530,1.6400951290407824
titan,160,13067,1.224458559730619
bloxroute (max profit),3,94136,0.003186878558681057
bloxroute (regulated),2,77780,0.0025713551041398816
flashbots,0,24507,0.0
eden,0,23,0.0
