relay,non_censored_blocks,all_blocks,share
manifold,58,729,7.956104252400549
aestus,929,12918,7.191515714506889
titan,421,10904,3.8609684519442404
agnostic Gnosis,1309,53941,2.4267254963756697
ultrasound,2429,115299,2.1066965021379196
bloxroute (max profit),2,92996,0.0021506301346294466
bloxroute (regulated),1,75292,0.0013281623545662222
flashbots,0,27427,0.0
eden,0,42,0.0
