relay,non_censored_blocks,all_blocks,share
manifold,14,72,19.444444444444446
agnostic Gnosis,1308,21122,6.192595398163053
aestus,228,5835,3.9074550128534704
ultrasound,5384,139011,3.8730747926423086
titan,1452,46341,3.133294490839645
flashbots,0,20925,0.0
bloxroute (max profit),0,120852,0.0
bloxroute (regulated),0,103362,0.0
