relay,non_censored_blocks,all_blocks,share
manifold,40,256,15.625
bloxroute (max profit),2790,68701,4.06107625798751
aestus,263,9178,2.865548049684027
ultrasound,2182,102814,2.122279067053125
agnostic Gnosis,1229,65496,1.8764504702577258
bloxroute (regulated),4,50908,0.007857311228097744
flashbots,0,62955,0.0
eden,0,341,0.0
