relay,non_censored_blocks,all_blocks,share
manifold,16,64,25.0
agnostic Gnosis,1194,20046,5.956300508829691
ultrasound,5334,122817,4.343046972324678
aestus,382,9244,4.132410212029425
titan,1158,51843,2.2336670331578037
flashbots,0,15494,0.0
bloxroute (regulated),0,96120,0.0
bloxroute (max profit),0,106993,0.0
