relay,non_censored_blocks,all_blocks,share
manifold,60,280,21.428571428571427
aestus,350,5619,6.228866346324969
ultrasound,2841,98805,2.8753605586761806
bloxroute (max profit),1717,66549,2.5800537949480833
agnostic Gnosis,1278,57825,2.2101167315175094
bloxroute (regulated),13,44617,0.029136876078624738
blocknative,0,15426,0.0
flashbots,0,67255,0.0
eden,0,587,0.0
