relay,non_censored_blocks,all_blocks,share
manifold,10,89,11.235955056179774
agnostic Gnosis,791,19994,3.9561868560568167
aestus,228,6525,3.494252873563218
ultrasound,2438,122319,1.9931490610616502
bloxroute (regulated),1,101594,0.0009843100970529754
bloxroute (max profit),1,119463,0.0008370792630354168
flashbots,0,22422,0.0
