relay,non_censored_blocks,all_blocks,share
manifold,56,324,17.28395061728395
aestus,284,6231,4.557855881880918
bloxroute (max profit),2121,71681,2.95894309510191
ultrasound,1939,101774,1.9052017214612769
agnostic Gnosis,945,61316,1.541196425076652
bloxroute (regulated),16,51652,0.03097653527452954
eden,0,381,0.0
flashbots,0,64744,0.0
