relay,non_censored_blocks,all_blocks,share
manifold,60,826,7.263922518159806
aestus,549,13293,4.129993229519296
ultrasound,1812,80775,2.243268337975859
agnostic Gnosis,928,42075,2.2055852644087937
bloxroute (max profit),135,80794,0.1670916157140382
bloxroute (regulated),58,53786,0.10783475253783512
flashbots,0,53550,0.0
eden,0,551,0.0
