relay,non_censored_blocks,all_blocks,share
manifold,5,12,41.66666666666667
agnostic Gnosis,994,15451,6.433240566953595
ultrasound,5495,118995,4.617841085759906
aestus,383,9156,4.183049366535605
titan,1410,47323,2.9795236988356613
flashbots,37,14942,0.2476241467005756
bloxroute (regulated),4,90808,0.0044048982468504975
bloxroute (max profit),3,101216,0.002963958267467594
