relay,non_censored_blocks,all_blocks,share
titan,988,17900,5.5195530726256985
bloxroute (max profit),2073,74053,2.7993464140547983
aestus,366,13792,2.653712296983759
agnostic Gnosis,318,12272,2.591264667535854
ultrasound,2415,93565,2.5810933575589163
flashbots,291,11584,2.512085635359116
bloxroute (regulated),981,40101,2.446323034338296
