relay,non_censored_blocks,all_blocks,share
titan,988,17900,5.5195530726256985
bloxroute (max profit),2347,71148,3.29875751953674
agnostic Gnosis,380,11734,3.238452360661326
aestus,429,13426,3.1952927156263966
flashbots,350,11214,3.1210986267166043
ultrasound,2772,91564,3.027390677558866
bloxroute (regulated),1127,38281,2.944019226248008
