relay,non_censored_blocks,all_blocks,share
manifold,4,9,44.44444444444444
agnostic Gnosis,925,14531,6.365700915284564
ultrasound,5709,121172,4.711484501369954
aestus,368,9392,3.9182282793867125
titan,1560,49304,3.164043485315593
bloxroute (regulated),663,89935,0.7371990882303886
bloxroute (max profit),691,101573,0.6802988983292804
flashbots,85,14867,0.5717360597296025
