relay,non_censored_blocks,all_blocks,share
manifold,52,252,20.634920634920633
aestus,246,6647,3.7009177072363473
bloxroute (max profit),2329,74503,3.1260486154919933
ultrasound,1823,103222,1.766096374803821
agnostic Gnosis,974,64405,1.5123049452682245
bloxroute (regulated),8,55118,0.0145143147429152
eden,0,327,0.0
flashbots,0,66999,0.0
