relay,non_censored_blocks,all_blocks,share
agnostic Gnosis,418,266,157.14285714285714
flashbots,475,363,130.85399449035813
ultrasound,5134,4271,120.20604073987357
bloxroute (regulated),2638,2201,119.85461154020899
bloxroute (max profit),3377,2891,116.81079211345555
aestus,344,299,115.05016722408025
titan,741,1006,73.65805168986084
