relay,non_censored_blocks,all_blocks,share
manifold,13,39,33.33333333333333
agnostic Gnosis,916,17088,5.360486891385768
ultrasound,5014,121147,4.138773556093011
aestus,359,9062,3.9615978812624144
titan,1166,48487,2.404768288407202
bloxroute (regulated),0,93658,0.0
flashbots,0,15127,0.0
bloxroute (max profit),0,103290,0.0
