relay,non_censored_blocks,all_blocks,share
aestus,830,10226,8.116565617054567
manifold,67,844,7.938388625592417
titan,606,10079,6.012501240202401
agnostic Gnosis,1641,51039,3.215188385352378
ultrasound,2756,94524,2.9156616309085526
bloxroute (max profit),9,83657,0.010758215092580417
bloxroute (regulated),5,57919,0.008632745731107236
flashbots,0,26788,0.0
eden,0,46,0.0
