relay,non_censored_blocks,all_blocks,share
manifold,57,506,11.264822134387352
aestus,304,8693,3.497066605314621
ultrasound,2059,90333,2.2793442042221557
agnostic Gnosis,793,39546,2.0052596975673898
bloxroute (max profit),6,75277,0.007970562057467753
bloxroute (regulated),3,46919,0.006393998167053858
flashbots,0,42093,0.0
eden,0,379,0.0
