relay,non_censored_blocks,all_blocks,share
agnostic Gnosis,418,6274,6.662416321326107
ultrasound,5134,79792,6.4342289953880085
bloxroute (regulated),2638,41110,6.416930187302359
titan,741,11951,6.200317965023848
bloxroute (max profit),3377,54830,6.159037023527266
flashbots,475,8751,5.427951091303851
aestus,344,6676,5.152786099460755
