relay,non_censored_blocks,all_blocks,share
manifold,57,420,13.571428571428571
aestus,404,10052,4.019100676482292
ultrasound,2212,89860,2.4616069441353217
agnostic Gnosis,1038,46620,2.226512226512227
bloxroute (max profit),831,75574,1.0995845131923678
bloxroute (regulated),5,54294,0.009209120713154308
flashbots,0,61941,0.0
eden,0,571,0.0
