relay,non_censored_blocks,all_blocks,share
manifold,74,392,18.877551020408163
aestus,567,11253,5.038656358304452
agnostic Gnosis,1133,42474,2.6675142440080992
ultrasound,2250,84470,2.663667574286729
bloxroute (max profit),5,76036,0.00657583250039455
bloxroute (regulated),1,54987,0.00181861167184971
eden,0,574,0.0
flashbots,0,59621,0.0
