relay,non_censored_blocks,all_blocks,share
manifold,16,66,24.242424242424242
agnostic Gnosis,1319,20744,6.358465098341689
ultrasound,5559,126805,4.383896534048342
aestus,377,9067,4.157935370023161
titan,1150,52429,2.1934425604150376
flashbots,0,15869,0.0
bloxroute (max profit),0,108647,0.0
bloxroute (regulated),0,97309,0.0
