relay,non_censored_blocks,all_blocks,share
manifold,34,542,6.273062730627306
aestus,297,9463,3.1385395751875724
ultrasound,2163,118829,1.8202627304782504
agnostic Gnosis,659,46144,1.4281380027739252
titan,157,11038,1.4223591230295343
bloxroute (regulated),2,76261,0.0026225724813469533
bloxroute (max profit),2,89938,0.002223754141742089
eden,0,21,0.0
flashbots,0,24481,0.0
