relay,non_censored_blocks,all_blocks,share
manifold,39,367,10.626702997275205
aestus,401,9780,4.100204498977504
ultrasound,2557,95189,2.686234754015695
bloxroute (max profit),1968,74162,2.653650117310752
agnostic Gnosis,1296,54941,2.3588940863835752
bloxroute (regulated),7,52777,0.013263353354681017
eden,0,479,0.0
flashbots,0,62924,0.0
