relay,non_censored_blocks,all_blocks,share
manifold,18,165,10.909090909090908
agnostic Gnosis,1053,21710,4.850299401197605
aestus,350,8875,3.943661971830986
titan,43,1425,3.017543859649123
ultrasound,3392,132583,2.558397381263058
eden,1,310,0.3225806451612903
bloxroute (max profit),1,119893,0.0008340770520380672
bloxroute (regulated),0,90992,0.0
flashbots,0,20349,0.0
