relay,non_censored_blocks,all_blocks,share
manifold,19,82,23.170731707317074
agnostic Gnosis,1954,18498,10.563304140988215
aestus,409,5333,7.669229326832927
ultrasound,6875,130183,5.281027476705868
titan,1725,38503,4.4801703763343115
bloxroute (max profit),41,109377,0.037485028845186834
bloxroute (regulated),5,93160,0.0053671103477887505
flashbots,0,20239,0.0
