relay,non_censored_blocks,all_blocks,share
titan,766,8558,8.950689413414349
agnostic Gnosis,348,10201,3.4114302519360846
aestus,375,11549,3.2470343752705864
ultrasound,2540,80571,3.1524990381154505
bloxroute (max profit),1935,62870,3.077779545093049
bloxroute (regulated),907,34481,2.6304341521417594
flashbots,242,9780,2.474437627811861
