relay,non_censored_blocks,all_blocks,share
manifold,64,804,7.960199004975125
aestus,814,11338,7.17939671899806
titan,616,10323,5.967257580160806
agnostic Gnosis,1626,54128,3.003990540939994
ultrasound,2736,99236,2.7570639687210288
bloxroute (max profit),10,88954,0.01124176540683949
bloxroute (regulated),5,58392,0.008562816824222497
eden,0,43,0.0
flashbots,0,30365,0.0
