relay,non_censored_blocks,all_blocks,share
ultrasound,6022,88623,6.795075770398204
bloxroute (regulated),2903,44443,6.531962288774386
bloxroute (max profit),3808,60372,6.307559795931889
titan,911,16421,5.547774191583947
flashbots,525,10185,5.154639175257731
aestus,154,3178,4.845814977973569
agnostic Gnosis,121,3245,3.728813559322034
