relay,non_censored_blocks,all_blocks,share
manifold,20,84,23.809523809523807
agnostic Gnosis,1735,22212,7.8110931028273
ultrasound,6687,136447,4.900803975169846
aestus,357,7474,4.776558736954777
titan,1734,51469,3.3690182439915293
bloxroute (max profit),0,116220,0.0
flashbots,0,18121,0.0
bloxroute (regulated),0,101006,0.0
