relay,non_censored_blocks,all_blocks,share
manifold,26,519,5.009633911368015
aestus,229,10706,2.1389874836540255
ultrasound,2014,118497,1.699621087453691
titan,158,12226,1.292327825944708
agnostic Gnosis,496,39082,1.2691264520751242
bloxroute (regulated),2,75627,0.0026445581604453436
bloxroute (max profit),1,87353,0.0011447803738852702
eden,0,13,0.0
flashbots,0,25026,0.0
