relay,non_censored_blocks,all_blocks,share
manifold,4,9,44.44444444444444
agnostic Gnosis,729,12188,5.981293075155891
ultrasound,5643,128466,4.39260193358554
aestus,283,8262,3.4253207455821832
titan,1493,47996,3.1106758896574718
bloxroute (regulated),1423,90999,1.5637534478400863
bloxroute (max profit),1556,103697,1.500525569688612
flashbots,174,14356,1.2120367790470883
