relay,non_censored_blocks,all_blocks,share
titan,766,8853,8.652434203094996
agnostic Gnosis,348,10649,3.2679124800450743
aestus,375,11877,3.1573629704470827
ultrasound,2540,84264,3.014335896705592
bloxroute (max profit),1935,65409,2.958308489657387
bloxroute (regulated),907,35764,2.536069790851135
flashbots,242,10125,2.3901234567901235
