relay,non_censored_blocks,all_blocks,share
manifold,53,676,7.840236686390532
aestus,240,9015,2.6622296173044924
agnostic Gnosis,535,26297,2.0344525991557973
ultrasound,1995,108355,1.8411702274929629
titan,183,13656,1.3400702987697715
bloxroute (max profit),4,101700,0.003933136676499509
bloxroute (regulated),2,79324,0.002521305027482225
flashbots,0,23802,0.0
eden,0,27,0.0
