relay,non_censored_blocks,all_blocks,share
manifold,44,738,5.9620596205962055
aestus,631,11458,5.507069296561355
titan,384,8796,4.365620736698499
agnostic Gnosis,1295,57664,2.2457685904550497
ultrasound,2155,104436,2.0634647056570534
bloxroute (max profit),8,95823,0.008348726297444245
bloxroute (regulated),2,53895,0.0037109193802764636
flashbots,0,37116,0.0
eden,0,65,0.0
