relay,non_censored_blocks,all_blocks,share
ultrasound,5626,103455,5.4381131893093615
bloxroute (regulated),2502,47503,5.267035766162137
bloxroute (max profit),3443,67146,5.127632323593364
titan,900,20110,4.475385380407757
flashbots,491,11815,4.155734236140499
aestus,119,2992,3.977272727272727
agnostic Gnosis,119,3706,3.211009174311927
