relay,non_censored_blocks,all_blocks,share
manifold,56,770,7.2727272727272725
aestus,644,11317,5.690554033754529
titan,363,8203,4.425210288918689
agnostic Gnosis,1364,58182,2.344367673851019
ultrasound,2254,104369,2.1596451053473733
bloxroute (max profit),16,96130,0.01664412774368043
bloxroute (regulated),2,50521,0.003958749826804695
eden,0,68,0.0
flashbots,0,38956,0.0
