relay,non_censored_blocks,all_blocks,share
manifold,4,12,33.33333333333333
agnostic Gnosis,622,10738,5.79251257217359
ultrasound,5834,130142,4.482795715449279
titan,1638,48260,3.39411520928305
aestus,239,7377,3.2397993764402875
bloxroute (regulated),2095,91317,2.294205898135068
bloxroute (max profit),2339,104953,2.228616618867493
flashbots,248,14492,1.7112889870273256
