relay,non_censored_blocks,all_blocks,share
ultrasound,4504,102610,4.3894357275119384
agnostic Gnosis,341,7855,4.341183959261617
bloxroute (regulated),2223,53540,4.152035861038476
bloxroute (max profit),2900,69898,4.1489026867721535
aestus,266,6923,3.842264914054601
titan,511,13488,3.788552787663108
flashbots,487,14157,3.4399943490852585
