relay,non_censored_blocks,all_blocks,share
manifold,58,335,17.313432835820898
aestus,328,6238,5.258095543443411
ultrasound,2460,101260,2.4293896899071696
bloxroute (max profit),1544,67088,2.301454805628428
agnostic Gnosis,1084,58303,1.859252525599026
bloxroute (regulated),18,46403,0.03879059543563994
eden,0,517,0.0
blocknative,0,8582,0.0
flashbots,0,67387,0.0
