relay,non_censored_blocks,all_blocks,share
manifold,10,33,30.303030303030305
agnostic Gnosis,941,16373,5.747266841751665
ultrasound,5216,120534,4.3274096935304565
aestus,365,9090,4.0154015401540155
titan,1193,47274,2.5235859034564454
bloxroute (regulated),0,92263,0.0
bloxroute (max profit),0,102188,0.0
flashbots,0,14914,0.0
