relay,non_censored_blocks,all_blocks,share
manifold,23,92,25.0
agnostic Gnosis,1788,22114,8.085375780048839
ultrasound,7039,135601,5.190964668402151
aestus,384,7860,4.885496183206107
titan,1743,51112,3.4101580842072314
flashbots,0,17459,0.0
bloxroute (regulated),0,99215,0.0
bloxroute (max profit),0,113523,0.0
