relay,non_censored_blocks,all_blocks,share
manifold,49,626,7.827476038338658
aestus,561,10236,5.480656506447831
titan,196,9454,2.0731965305690716
ultrasound,2251,119677,1.8808960786115962
agnostic Gnosis,923,53292,1.7319672746378443
bloxroute (max profit),2,93088,0.002148504640770024
bloxroute (regulated),1,77608,0.001288526955983919
flashbots,0,25857,0.0
eden,0,36,0.0
