relay,non_censored_blocks,all_blocks,share
manifold,56,323,17.3374613003096
aestus,272,6186,4.397025541545426
bloxroute (max profit),2159,72001,2.9985694643129954
ultrasound,1928,101466,1.900143890564327
agnostic Gnosis,944,61661,1.5309514928398826
bloxroute (regulated),15,52230,0.02871912693854107
eden,0,369,0.0
flashbots,0,64860,0.0
