relay,non_censored_blocks,all_blocks,share
agnostic Gnosis,418,2566,16.289945440374122
flashbots,475,3049,15.578878320760905
ultrasound,5134,33236,15.447105548200746
bloxroute (regulated),2638,17175,15.35953420669578
bloxroute (max profit),3377,23218,14.544749763114826
aestus,344,2961,11.617696724079703
titan,741,6592,11.240898058252426
