relay,non_censored_blocks,all_blocks,share
agnostic Gnosis,417,8877,4.697532950321055
ultrasound,5037,108292,4.651313116389022
bloxroute (regulated),2573,56249,4.574303543174101
bloxroute (max profit),3290,73786,4.458840430433958
titan,682,15489,4.4031247982439154
aestus,349,7930,4.401008827238336
flashbots,483,13366,3.613646565913512
