relay,non_censored_blocks,all_blocks,share
manifold,18,159,11.320754716981133
agnostic Gnosis,1084,21853,4.960417334004485
aestus,360,8678,4.148421295229316
ultrasound,3477,128451,2.706868767078497
titan,81,3179,2.5479710600817866
eden,4,722,0.554016620498615
bloxroute (max profit),2,119007,0.0016805734116480543
bloxroute (regulated),1,89931,0.0011119636165504664
flashbots,0,19822,0.0
