relay,non_censored_blocks,all_blocks,share
manifold,2,15,13.333333333333334
ultrasound,6035,132270,4.562637030316776
bloxroute (regulated),3991,92442,4.317301659418879
bloxroute (max profit),4540,108145,4.19806740949651
titan,1652,45769,3.6094299635124214
flashbots,462,15494,2.9817994062217634
agnostic Gnosis,215,7869,2.73224043715847
aestus,116,5321,2.180041345611727
