relay,non_censored_blocks,all_blocks,share
aestus,450,6362,7.073247406475951
ultrasound,3040,46089,6.595933953871856
bloxroute (regulated),948,14617,6.485598960114934
bloxroute (max profit),2226,34420,6.467170249854735
titan,742,11786,6.2956049550313935
agnostic Gnosis,409,6681,6.121838048196378
flashbots,256,4615,5.5471289274106175
