relay,non_censored_blocks,all_blocks,share
manifold,53,329,16.109422492401215
aestus,326,6175,5.279352226720648
bloxroute (max profit),1692,68073,2.485566964875942
ultrasound,2224,104124,2.1359148707310514
agnostic Gnosis,984,59447,1.6552559422679025
bloxroute (regulated),18,49106,0.036655398525638413
blocknative,0,888,0.0
flashbots,0,66070,0.0
eden,0,505,0.0
