relay,non_censored_blocks,all_blocks,share
manifold,20,576,3.4722222222222223
aestus,207,10279,2.013814573402082
agnostic Gnosis,503,29177,1.7239606539397472
ultrasound,1824,112726,1.618082784805635
titan,160,13371,1.1966195497718946
bloxroute (max profit),3,95916,0.0031277367696734646
bloxroute (regulated),2,78382,0.0025516062361256413
flashbots,0,24303,0.0
eden,0,23,0.0
