relay,non_censored_blocks,all_blocks,share
aestus,1062,12113,8.76743994055973
manifold,73,1008,7.242063492063493
titan,715,12424,5.754990341274952
agnostic Gnosis,1749,53332,3.2794569864246608
ultrasound,2836,102256,2.773431387889219
bloxroute (max profit),9,87949,0.010233203333750242
bloxroute (regulated),6,66213,0.009061664627792124
flashbots,1,26811,0.003729812390436761
eden,0,36,0.0
