relay,non_censored_blocks,all_blocks,share
manifold,54,327,16.51376146788991
aestus,291,6278,4.635234151003504
bloxroute (max profit),1983,70680,2.8056027164685906
ultrasound,1985,102411,1.9382683500795812
agnostic Gnosis,933,60471,1.5428883266359081
bloxroute (regulated),16,50889,0.03144097938650789
eden,0,421,0.0
flashbots,0,64465,0.0
