relay,non_censored_blocks,all_blocks,share
ultrasound,4543,101661,4.468773669352062
agnostic Gnosis,327,7559,4.3259690435242755
bloxroute (regulated),2286,53764,4.251915780075887
bloxroute (max profit),2965,70303,4.217458714421859
titan,535,13656,3.917691857059168
aestus,274,7140,3.8375350140056024
flashbots,488,13973,3.492449724468618
