relay,non_censored_blocks,all_blocks,share
manifold,63,760,8.289473684210526
aestus,991,13574,7.300721968469132
titan,476,11157,4.266379851214484
agnostic Gnosis,1394,54493,2.5581267318738186
ultrasound,2480,114397,2.1678890180686556
bloxroute (max profit),2,92028,0.0021732516190724562
bloxroute (regulated),1,73957,0.0013521370526116529
eden,0,44,0.0
flashbots,0,28605,0.0
