relay,non_censored_blocks,all_blocks,share
titan,988,17900,5.5195530726256985
agnostic Gnosis,521,12301,4.235428013982603
aestus,567,13917,4.074153912481139
bloxroute (max profit),2898,72410,4.002209639552548
flashbots,465,11673,3.98355178617322
ultrasound,3740,95017,3.936137743772167
bloxroute (regulated),1459,39328,3.7098250610252235
