relay,non_censored_blocks,all_blocks,share
manifold,25,656,3.8109756097560976
aestus,227,11010,2.061762034514078
ultrasound,1875,115970,1.6167974476157625
agnostic Gnosis,489,35605,1.3734026119926976
titan,154,12375,1.2444444444444445
bloxroute (regulated),3,75810,0.003957261574990107
bloxroute (max profit),3,88685,0.003382759203924001
eden,0,17,0.0
flashbots,0,25592,0.0
