relay,non_censored_blocks,all_blocks,share
ultrasound,4673,109984,4.2487998254291535
bloxroute (regulated),2328,57503,4.048484426899466
bloxroute (max profit),3165,79238,3.9942956662207525
titan,881,25524,3.4516533458705534
flashbots,454,13546,3.3515428908902996
aestus,112,4038,2.773650321941555
agnostic Gnosis,163,6231,2.615952495586583
manifold,0,2,0.0
