relay,non_censored_blocks,all_blocks,share
manifold,57,627,9.090909090909092
aestus,308,9683,3.180832386657028
ultrasound,2053,94326,2.176494285774866
agnostic Gnosis,785,41258,1.9026613020505112
bloxroute (max profit),9,79565,0.011311506315591026
bloxroute (regulated),4,49571,0.008069234027959896
flashbots,0,44459,0.0
eden,0,430,0.0
