relay,non_censored_blocks,all_blocks,share
ultrasound,5459,103257,5.28680864251334
bloxroute (regulated),2437,46994,5.185768395965443
bloxroute (max profit),3382,68699,4.922924642280091
titan,916,21196,4.3215701075674655
flashbots,470,11662,4.030183501972218
aestus,115,2979,3.8603558241020477
agnostic Gnosis,125,3872,3.2283057851239665
