relay,non_censored_blocks,all_blocks,share
manifold,70,634,11.041009463722396
aestus,737,13993,5.266919173872651
ultrasound,2330,80432,2.8968569723493136
agnostic Gnosis,1311,45745,2.865886982183845
bloxroute (max profit),133,75959,0.17509445885280217
bloxroute (regulated),58,53593,0.10822308883622861
flashbots,0,56368,0.0
eden,0,608,0.0
