relay,non_censored_blocks,all_blocks,share
manifold,43,413,10.411622276029057
aestus,316,8525,3.706744868035191
agnostic Gnosis,781,24665,3.1664301642002837
ultrasound,2737,110442,2.4782238641096686
titan,225,12392,1.815687540348612
eden,4,775,0.5161290322580645
bloxroute (max profit),3,109059,0.002750804610348527
bloxroute (regulated),2,81595,0.0024511305839818617
flashbots,0,21188,0.0
