relay,non_censored_blocks,all_blocks,share
ultrasound,4775,109109,4.376357587366762
bloxroute (regulated),2332,56058,4.159977166506119
bloxroute (max profit),3171,77592,4.0867615218063715
titan,878,24940,3.520449077786688
flashbots,463,13506,3.4281060269509847
aestus,116,3927,2.9539088362617774
agnostic Gnosis,167,5982,2.791708458709462
manifold,0,1,0.0
