relay,non_censored_blocks,all_blocks,share
manifold,44,430,10.232558139534884
aestus,263,8566,3.070277842633668
agnostic Gnosis,670,25944,2.582485353068147
ultrasound,2382,107786,2.20993449984228
titan,266,15125,1.7586776859504134
eden,4,778,0.5141388174807198
bloxroute (max profit),3,106165,0.002825790043799746
bloxroute (regulated),2,79755,0.0025076797692934615
flashbots,0,22329,0.0
