relay,non_censored_blocks,all_blocks,share
manifold,39,266,14.661654135338345
bloxroute (max profit),2706,67909,3.9847442901529986
aestus,270,9338,2.8914114371385735
ultrasound,2272,102570,2.215072633323584
agnostic Gnosis,1257,64840,1.9386181369524986
bloxroute (regulated),7,50793,0.013781426574527985
flashbots,0,62493,0.0
eden,0,393,0.0
