relay,non_censored_blocks,all_blocks,share
agnostic Gnosis,418,6036,6.925115970841617
ultrasound,5134,76218,6.735941641082159
bloxroute (regulated),2638,39332,6.707007017187023
bloxroute (max profit),3377,52510,6.431155970291373
titan,741,11616,6.3791322314049586
flashbots,475,8301,5.7222021443199615
aestus,344,6544,5.256723716381418
