relay,non_censored_blocks,all_blocks,share
manifold,28,116,24.137931034482758
agnostic Gnosis,689,20191,3.412411470457134
aestus,257,7611,3.3766916305347525
ultrasound,2400,134343,1.7864719412250731
bloxroute (max profit),27,123078,0.021937308048554576
bloxroute (regulated),20,102889,0.01943842393258755
flashbots,0,26189,0.0
