relay,non_censored_blocks,all_blocks,share
ultrasound,4767,100381,4.748906665604049
bloxroute (max profit),3107,70669,4.396552944006566
bloxroute (regulated),2338,53844,4.342173686947478
titan,624,15117,4.1278031355427665
agnostic Gnosis,262,6867,3.81534876947721
aestus,306,8254,3.707293433486794
flashbots,468,13514,3.4630753292881455
