relay,non_censored_blocks,all_blocks,share
manifold,19,87,21.839080459770116
agnostic Gnosis,1423,21483,6.623842107713076
ultrasound,5631,132181,4.260067634531437
aestus,344,8297,4.146076895263348
titan,1114,50267,2.2161656752939303
bloxroute (regulated),0,99100,0.0
flashbots,0,16833,0.0
bloxroute (max profit),0,111707,0.0
