relay,non_censored_blocks,all_blocks,share
agnostic Gnosis,418,3486,11.990820424555364
ultrasound,5134,43614,11.771449534553124
bloxroute (regulated),2638,23340,11.30248500428449
flashbots,475,4326,10.980120203421174
bloxroute (max profit),3377,31162,10.836916757589371
titan,741,7649,9.687540855013728
aestus,344,4094,8.402540302882267
