relay,non_censored_blocks,all_blocks,share
manifold,28,530,5.283018867924529
aestus,238,10631,2.2387357727400996
ultrasound,2048,118651,1.726070576733445
titan,169,12139,1.392206936320949
agnostic Gnosis,528,40017,1.3194392383237123
bloxroute (regulated),2,75646,0.00264389392697565
bloxroute (max profit),1,87201,0.0011467758397266086
eden,0,12,0.0
flashbots,0,24989,0.0
