relay,non_censored_blocks,all_blocks,share
manifold,23,129,17.829457364341085
agnostic Gnosis,581,19174,3.0301449880045896
aestus,229,7959,2.8772458851614524
ultrasound,2261,135078,1.6738477028087475
bloxroute (max profit),27,119074,0.022674975225490033
bloxroute (regulated),20,96892,0.020641539033150313
flashbots,0,24951,0.0
