relay,non_censored_blocks,all_blocks,share
manifold,17,92,18.478260869565215
agnostic Gnosis,1770,20314,8.713202717337797
aestus,394,5954,6.617400067181727
ultrasound,5662,135696,4.172562197854027
bloxroute (max profit),39,120362,0.032402253202838106
bloxroute (regulated),6,102229,0.005869176065500005
flashbots,0,21091,0.0
