relay,non_censored_blocks,all_blocks,share
manifold,92,601,15.307820299500833
aestus,721,11369,6.341806667253056
ultrasound,3298,102451,3.2190998623732323
agnostic Gnosis,1760,55663,3.1618849145752117
bloxroute (max profit),119,78862,0.15089650275164213
bloxroute (regulated),1,46231,0.002163050766801497
eden,0,381,0.0
flashbots,0,49473,0.0
