relay,non_censored_blocks,all_blocks,share
manifold,10,61,16.39344262295082
agnostic Gnosis,791,13953,5.669031749444564
aestus,228,4418,5.160706201901313
ultrasound,2438,86998,2.802363272718913
bloxroute (regulated),1,72792,0.0013737773381690295
bloxroute (max profit),1,85640,0.0011676786548341896
flashbots,0,14950,0.0
