relay,non_censored_blocks,all_blocks,share
manifold,4,14,28.57142857142857
agnostic Gnosis,433,8449,5.12486684814771
ultrasound,6307,130552,4.831025185366751
titan,1840,48647,3.7823504018747305
bloxroute (regulated),3384,91194,3.710770445424041
bloxroute (max profit),3805,106456,3.574246637108289
aestus,186,5785,3.2152117545375973
flashbots,422,15225,2.77175697865353
