relay,non_censored_blocks,all_blocks,share
agnostic Gnosis,418,1372,30.466472303207
flashbots,475,1608,29.539800995024873
bloxroute (regulated),2638,9207,28.652112523080262
ultrasound,5134,18704,27.448674080410605
bloxroute (max profit),3377,12755,26.475891807134456
aestus,344,1595,21.56739811912226
titan,741,4625,16.02162162162162
