relay,non_censored_blocks,all_blocks,share
ultrasound,5399,103397,5.221621517065292
bloxroute (regulated),2410,47153,5.1110215680868665
bloxroute (max profit),3353,69003,4.859209019897685
titan,934,21548,4.334509003155746
flashbots,464,11693,3.96818609424442
aestus,111,2977,3.7285858246556938
agnostic Gnosis,125,3990,3.132832080200501
