relay,non_censored_blocks,all_blocks,share
manifold,33,320,10.3125
aestus,349,9714,3.5927527280214124
bloxroute (max profit),2201,72981,3.0158534413066413
ultrasound,2402,97974,2.451670851450385
agnostic Gnosis,1276,59871,2.131248851697817
bloxroute (regulated),7,52003,0.013460761879122358
flashbots,0,62527,0.0
eden,0,500,0.0
