relay,non_censored_blocks,all_blocks,share
manifold,18,167,10.778443113772456
agnostic Gnosis,1019,21495,4.740637357525006
aestus,350,8860,3.9503386004514676
titan,27,942,2.8662420382165608
ultrasound,3372,133835,2.5195203048529904
eden,1,213,0.4694835680751174
bloxroute (max profit),1,120496,0.0008299030673217368
bloxroute (regulated),0,91512,0.0
flashbots,0,20591,0.0
