relay,non_censored_blocks,all_blocks,share
manifold,43,413,10.411622276029057
aestus,285,8522,3.3442853790190097
agnostic Gnosis,722,25629,2.8171212298568027
ultrasound,2516,107822,2.3334755430246146
titan,255,14340,1.778242677824268
eden,4,776,0.5154639175257731
flashbots,1,22189,0.004506737572671143
bloxroute (max profit),3,107105,0.002800989683021334
bloxroute (regulated),2,80559,0.0024826524658945618
