relay,non_censored_blocks,all_blocks,share
agnostic Gnosis,418,490,85.3061224489796
flashbots,475,684,69.44444444444444
bloxroute (regulated),2638,4009,65.8019456223497
ultrasound,5134,7827,65.593458540948
bloxroute (max profit),3377,5336,63.28710644677661
aestus,344,558,61.648745519713266
titan,741,1778,41.676040494938135
