relay,non_censored_blocks,all_blocks,share
ultrasound,5194,98640,5.2656123276561235
bloxroute (regulated),2679,54801,4.8885969234138065
bloxroute (max profit),3499,72329,4.83761700009678
titan,729,16626,4.38469866474197
aestus,284,7162,3.965372800893605
flashbots,478,12102,3.949760370186746
agnostic Gnosis,208,5554,3.7450486136118113
