relay,non_censored_blocks,all_blocks,share
manifold,21,78,26.923076923076923
agnostic Gnosis,1181,20656,5.7174670797831135
aestus,216,5834,3.7024340075419953
ultrasound,5137,139977,3.6698886245597495
titan,1395,46220,3.0181739506707053
flashbots,0,21398,0.0
bloxroute (regulated),0,103480,0.0
bloxroute (max profit),0,121644,0.0
