relay,non_censored_blocks,all_blocks,share
manifold,60,336,17.857142857142858
aestus,328,6136,5.345501955671447
ultrasound,2462,100935,2.4391935403972855
bloxroute (max profit),1516,66894,2.2662720124375877
agnostic Gnosis,1071,58237,1.839037038308979
bloxroute (regulated),18,46126,0.03902354420500369
blocknative,0,9685,0.0
flashbots,0,67604,0.0
eden,0,516,0.0
