relay,non_censored_blocks,all_blocks,share
manifold,71,397,17.884130982367758
aestus,470,10816,4.345414201183432
ultrasound,2097,86718,2.418183076177956
agnostic Gnosis,993,43041,2.307102530145675
bloxroute (max profit),74,75642,0.09782924830120832
bloxroute (regulated),4,55489,0.0072086359458631444
flashbots,0,59566,0.0
eden,0,618,0.0
