relay,non_censored_blocks,all_blocks,share
manifold,75,408,18.38235294117647
aestus,566,11774,4.807202310174962
agnostic Gnosis,1127,42536,2.6495204062441227
ultrasound,2187,83231,2.62762672561906
bloxroute (max profit),4,76272,0.005244388504300398
bloxroute (regulated),1,54887,0.0018219250460036075
eden,0,541,0.0
flashbots,0,59634,0.0
