relay,non_censored_blocks,all_blocks,share
agnostic Gnosis,418,4354,9.600367478180983
ultrasound,5134,54530,9.415000916926463
bloxroute (regulated),2638,28662,9.203823878305771
bloxroute (max profit),3377,38524,8.765964074343266
flashbots,475,5670,8.37742504409171
titan,741,9103,8.140173569153026
aestus,344,4901,7.018975719240972
