relay,non_censored_blocks,all_blocks,share
manifold,85,554,15.342960288808664
aestus,718,11351,6.325433882477315
ultrasound,3279,102215,3.2079440395245316
agnostic Gnosis,1735,54390,3.189924618496047
bloxroute (max profit),117,79335,0.1474758933635848
bloxroute (regulated),1,46959,0.0021295172384420452
flashbots,0,49529,0.0
eden,0,388,0.0
