relay,non_censored_blocks,all_blocks,share
manifold,36,246,14.634146341463413
bloxroute (max profit),2791,69909,3.9923328898997266
aestus,259,8848,2.9272151898734178
ultrasound,2093,102539,2.0411745774778374
agnostic Gnosis,1199,65641,1.826602276016514
bloxroute (regulated),4,51846,0.007715156424796513
eden,0,326,0.0
flashbots,0,63447,0.0
