relay,non_censored_blocks,all_blocks,share
manifold,17,92,18.478260869565215
agnostic Gnosis,1810,19836,9.124823553135712
aestus,404,5834,6.924922865958176
ultrasound,5779,133454,4.330331050399389
bloxroute (max profit),39,118097,0.033023700856075935
bloxroute (regulated),6,100389,0.005976750440785345
flashbots,0,20686,0.0
