relay,non_censored_blocks,all_blocks,share
manifold,44,417,10.551558752997602
aestus,271,8515,3.182618907809748
agnostic Gnosis,668,25699,2.5993229308533405
ultrasound,2417,107877,2.2405146602148744
titan,262,14825,1.7672849915682969
eden,4,777,0.5148005148005148
flashbots,1,22235,0.0044974139869575
bloxroute (max profit),3,106610,0.0028139949348091175
bloxroute (regulated),2,80151,0.0024952901398610124
