relay,non_censored_blocks,all_blocks,share
manifold,57,337,16.913946587537094
aestus,335,6348,5.277252678008821
ultrasound,2403,101710,2.362599547733753
bloxroute (max profit),1556,67165,2.3166827960991587
agnostic Gnosis,1059,58505,1.810101700709341
bloxroute (regulated),18,46731,0.03851832830455158
flashbots,0,67350,0.0
blocknative,0,7361,0.0
eden,0,515,0.0
