relay,non_censored_blocks,all_blocks,share
ultrasound,4864,100307,4.84911322240721
bloxroute (max profit),3194,70775,4.5128929706817384
bloxroute (regulated),2399,53987,4.4436623631615015
titan,640,15128,4.230565838180857
aestus,316,8225,3.8419452887537995
agnostic Gnosis,254,6700,3.7910447761194033
flashbots,477,13318,3.5816188616909446
