relay,non_censored_blocks,all_blocks,share
manifold,64,408,15.686274509803921
aestus,437,10376,4.211642251349267
ultrasound,2060,87209,2.3621415220906097
agnostic Gnosis,959,43551,2.202016027186517
bloxroute (max profit),206,75135,0.27417315498768885
bloxroute (regulated),6,55136,0.010882182240278584
eden,0,625,0.0
flashbots,0,60243,0.0
