relay,non_censored_blocks,all_blocks,share
ultrasound,5226,122825,4.254834113576226
bloxroute (regulated),3285,78264,4.197332106715732
bloxroute (max profit),4018,98803,4.066678137303524
titan,1180,34288,3.4414372375174986
flashbots,510,15627,3.2635822614705314
aestus,113,4924,2.294882209585703
agnostic Gnosis,175,7794,2.2453169104439312
manifold,0,7,0.0
