relay,non_censored_blocks,all_blocks,share
manifold,67,862,7.77262180974478
aestus,830,10719,7.743259632428398
titan,606,10269,5.901256208004675
agnostic Gnosis,1641,53145,3.0877787186000565
ultrasound,2756,98184,2.8069746598223744
bloxroute (max profit),9,87107,0.010332120265879895
bloxroute (regulated),5,59899,0.008347384764353328
eden,0,47,0.0
flashbots,0,28365,0.0
