relay,non_censored_blocks,all_blocks,share
manifold,6,79,7.59493670886076
agnostic Gnosis,1183,20129,5.877092751751205
aestus,249,6000,4.15
ultrasound,4852,141792,3.421913789212368
titan,1307,45431,2.8768902291386937
bloxroute (max profit),6,119855,0.005006048975845814
flashbots,0,21783,0.0
bloxroute (regulated),0,100375,0.0
