relay,non_censored_blocks,all_blocks,share
agnostic Gnosis,418,4626,9.035884133160398
ultrasound,5134,58289,8.80783681312083
bloxroute (regulated),2638,30430,8.669076569175155
bloxroute (max profit),3377,40784,8.280207924676343
titan,741,9547,7.761600502775741
flashbots,475,6134,7.743723508314313
aestus,344,5151,6.67831489031256
