relay,non_censored_blocks,all_blocks,share
manifold,48,458,10.480349344978166
aestus,244,8490,2.87396937573616
agnostic Gnosis,580,25862,2.242672647127059
ultrasound,2123,107687,1.9714543073908644
titan,229,14975,1.5292153589315527
bloxroute (max profit),2,105584,0.0018942263979390816
bloxroute (regulated),1,79358,0.0012601124020262609
flashbots,0,22427,0.0
eden,0,438,0.0
