relay,non_censored_blocks,all_blocks,share
aestus,450,4707,9.560229445506693
ultrasound,3040,35092,8.662943120939245
bloxroute (max profit),2226,26158,8.509824910161328
bloxroute (regulated),948,11523,8.227024212444675
agnostic Gnosis,409,5034,8.124751688518076
titan,742,9141,8.11727382124494
flashbots,256,3568,7.174887892376682
