relay,non_censored_blocks,all_blocks,share
titan,992,17982,5.516627738849961
agnostic Gnosis,590,12164,4.850378165077277
aestus,626,13602,4.60226437288634
flashbots,520,11339,4.5859423229561695
ultrasound,4201,92864,4.523819779462439
bloxroute (max profit),3138,69984,4.483882030178327
bloxroute (regulated),1634,38129,4.2854520181489155
