relay,non_censored_blocks,all_blocks,share
manifold,4,14,28.57142857142857
agnostic Gnosis,518,9488,5.459527824620573
ultrasound,5776,129940,4.445128520855779
titan,1686,48965,3.4432758092515057
aestus,197,6744,2.921115065243179
bloxroute (regulated),2501,91435,2.7352764258763056
bloxroute (max profit),2821,105704,2.6687731779308255
flashbots,295,14698,2.007075792624847
