relay,non_censored_blocks,all_blocks,share
ultrasound,6022,82138,7.331563953346806
bloxroute (regulated),2904,41583,6.9836231152153525
bloxroute (max profit),3812,55960,6.812008577555397
titan,911,14820,6.147098515519568
flashbots,525,9443,5.559673832468495
aestus,154,2997,5.1384718051384715
agnostic Gnosis,121,2972,4.071332436069987
