relay,non_censored_blocks,all_blocks,share
manifold,72,633,11.374407582938389
aestus,723,13907,5.198820737757964
agnostic Gnosis,1317,45259,2.909918469254734
ultrasound,2234,80355,2.780163026569597
bloxroute (max profit),132,75746,0.17426662794074935
bloxroute (regulated),57,53672,0.10620062602474288
eden,0,548,0.0
flashbots,0,57864,0.0
