relay,non_censored_blocks,all_blocks,share
ultrasound,5261,97104,5.4179024550996875
bloxroute (regulated),2814,55613,5.05996799309514
bloxroute (max profit),3697,73938,5.0001352484514054
titan,727,16531,4.397798076341419
flashbots,481,12007,4.005996502040476
aestus,266,6789,3.9181028133745763
agnostic Gnosis,177,5041,3.5112080936322156
