relay,non_censored_blocks,all_blocks,share
manifold,15,93,16.129032258064516
agnostic Gnosis,765,21061,3.632306158302075
aestus,246,7332,3.355155482815057
ultrasound,2448,134213,1.8239663817961
bloxroute (max profit),27,125666,0.02148552512214919
bloxroute (regulated),21,106761,0.019670104251552533
flashbots,0,25902,0.0
