relay,non_censored_blocks,all_blocks,share
manifold,108,930,11.612903225806452
aestus,722,10460,6.902485659655831
titan,227,4052,5.6021717670286275
agnostic Gnosis,1820,59463,3.0607268385382507
ultrasound,3078,103589,2.971357962718049
bloxroute (max profit),88,81416,0.10808686253316302
bloxroute (regulated),2,44185,0.004526422994228811
eden,0,309,0.0
flashbots,0,39930,0.0
