relay,non_censored_blocks,all_blocks,share
aestus,1001,11592,8.63526570048309
manifold,75,984,7.621951219512195
titan,692,12204,5.670272041953458
agnostic Gnosis,1722,52497,3.280187439282245
ultrasound,2800,100039,2.7989084257139716
bloxroute (max profit),9,86433,0.010412689597723093
bloxroute (regulated),6,65101,0.00921644828804473
flashbots,0,26208,0.0
eden,0,33,0.0
