relay,non_censored_blocks,all_blocks,share
manifold,110,940,11.702127659574469
aestus,720,10613,6.784132667483275
titan,216,3852,5.607476635514018
agnostic Gnosis,1828,60150,3.0390689941812137
ultrasound,3084,104076,2.9632191859794768
bloxroute (max profit),93,80118,0.11607878379390399
bloxroute (regulated),2,43595,0.004587682073632297
flashbots,0,40582,0.0
eden,0,306,0.0
