relay,non_censored_blocks,all_blocks,share
manifold,22,613,3.588907014681892
aestus,211,10675,1.9765807962529274
ultrasound,1858,113477,1.6373362002872829
agnostic Gnosis,506,31035,1.630417270823264
titan,158,13004,1.215010765918179
bloxroute (max profit),3,93640,0.0032037590773173856
bloxroute (regulated),2,77590,0.002577651759247326
eden,0,24,0.0
flashbots,0,24624,0.0
