relay,non_censored_blocks,all_blocks,share
manifold,107,586,18.25938566552901
aestus,337,7545,4.466534128561961
ultrasound,2779,88670,3.1340927032818313
bloxroute (max profit),1912,69499,2.751118721132678
agnostic Gnosis,1372,54809,2.503238519221296
bloxroute (regulated),5,43402,0.011520206442099444
flashbots,0,66866,0.0
blocknative,0,30204,0.0
eden,0,2106,0.0
