relay,non_censored_blocks,all_blocks,share
agnostic Gnosis,418,6842,6.109324758842444
ultrasound,5134,86830,5.912702982840033
bloxroute (regulated),2638,44643,5.909101090876509
titan,741,12865,5.759813447337738
bloxroute (max profit),3377,59475,5.67801597309794
aestus,344,6959,4.94323897111654
flashbots,475,9696,4.898927392739274
