relay,non_censored_blocks,all_blocks,share
ultrasound,3040,52850,5.752128666035951
aestus,450,7834,5.744191983660965
bloxroute (max profit),2226,39874,5.582585143201083
bloxroute (regulated),948,17173,5.520293483957375
titan,742,14014,5.294705294705294
agnostic Gnosis,409,7747,5.279463017942429
flashbots,256,5400,4.7407407407407405
