relay,non_censored_blocks,all_blocks,share
agnostic Gnosis,386,8768,4.4023722627737225
ultrasound,4683,107404,4.360172805482105
bloxroute (regulated),2379,55638,4.275854631726518
bloxroute (max profit),2976,72333,4.114304674215089
titan,498,12708,3.9187913125590184
aestus,282,7589,3.715904598761365
flashbots,500,14777,3.3836367327603707
