relay,non_censored_blocks,all_blocks,share
manifold,17,99,17.17171717171717
agnostic Gnosis,700,20170,3.470500743678731
aestus,238,7401,3.215781651128226
ultrasound,2349,133816,1.7553954684043762
bloxroute (max profit),27,123978,0.021778057397280164
bloxroute (regulated),20,104388,0.019159290339885813
flashbots,0,25930,0.0
