relay,non_censored_blocks,all_blocks,share
manifold,73,793,9.205548549810844
aestus,705,14216,4.959200900393922
ultrasound,2201,80588,2.731175857447759
agnostic Gnosis,1200,44609,2.690040126431886
bloxroute (max profit),136,78320,0.17364657814096018
bloxroute (regulated),58,53393,0.10862847189706515
flashbots,0,54743,0.0
eden,0,593,0.0
