relay,non_censored_blocks,all_blocks,share
ultrasound,4597,103914,4.423850491752796
agnostic Gnosis,357,8133,4.389524160826264
bloxroute (regulated),2249,53478,4.205467668947978
bloxroute (max profit),2911,69427,4.192893254785602
titan,516,12770,4.040720438527799
aestus,264,6820,3.870967741935484
flashbots,501,14435,3.470730862487011
