relay,non_censored_blocks,all_blocks,share
manifold,42,167,25.149700598802394
bloxroute (max profit),2170,71909,3.0177029300922
aestus,175,7006,2.497858978018841
ultrasound,1650,102531,1.60926939169617
agnostic Gnosis,944,65483,1.4415955286104791
bloxroute (regulated),4,54909,0.007284780272815022
flashbots,0,65661,0.0
eden,0,288,0.0
