relay,non_censored_blocks,all_blocks,share
manifold,57,333,17.117117117117118
aestus,311,6297,4.938859774495792
bloxroute (max profit),1912,69786,2.7398045453242768
ultrasound,2087,103254,2.0212292017742652
agnostic Gnosis,973,60660,1.604022420046159
bloxroute (regulated),15,50565,0.02966478789676654
eden,0,441,0.0
flashbots,0,64789,0.0
