relay,non_censored_blocks,all_blocks,share
ultrasound,4584,101485,4.516923683302951
bloxroute (regulated),2223,53316,4.169480081026333
bloxroute (max profit),2928,70251,4.167912200538071
agnostic Gnosis,286,7286,3.9253362613230856
titan,526,14196,3.705269089884475
aestus,282,7885,3.5764109067850347
flashbots,481,13963,3.44481844875743
