relay,non_censored_blocks,all_blocks,share
ultrasound,4520,101589,4.449300613255372
bloxroute (regulated),2203,53199,4.141055282994041
bloxroute (max profit),2887,70135,4.116347044984672
agnostic Gnosis,289,7349,3.9325078241937677
titan,522,14020,3.723252496433666
aestus,274,7700,3.5584415584415585
flashbots,485,13982,3.4687455299671
