relay,non_censored_blocks,all_blocks,share
agnostic Gnosis,387,8797,4.399227009207685
ultrasound,4670,107507,4.343903187699405
bloxroute (regulated),2388,55783,4.280874101428751
bloxroute (max profit),2973,72694,4.089746058821911
titan,520,13211,3.9361138445235033
aestus,282,7534,3.743031590124768
flashbots,493,14545,3.3894809212787895
