relay,non_censored_blocks,all_blocks,share
manifold,67,730,9.178082191780822
aestus,734,14376,5.105731775180857
agnostic Gnosis,1268,45616,2.7797264117853384
ultrasound,2239,80843,2.7695657014212736
bloxroute (max profit),137,76557,0.1789516308110297
bloxroute (regulated),58,53199,0.10902460572567155
eden,0,586,0.0
flashbots,0,54956,0.0
