relay,non_censored_blocks,all_blocks,share
manifold,46,452,10.176991150442479
aestus,248,8543,2.902961488938312
agnostic Gnosis,600,25898,2.316781218626921
ultrasound,2172,107582,2.0189250989942553
titan,242,15075,1.60530679933665
eden,3,541,0.5545286506469501
bloxroute (max profit),3,105422,0.002845705829902677
bloxroute (regulated),2,79235,0.0025241370606423927
flashbots,0,22318,0.0
