relay,non_censored_blocks,all_blocks,share
manifold,42,623,6.741573033707865
aestus,222,9533,2.328752753592783
agnostic Gnosis,528,26553,1.9884758784318155
ultrasound,1874,110570,1.6948539386813783
titan,184,13563,1.3566320135663201
bloxroute (max profit),4,99497,0.004020221715227595
bloxroute (regulated),2,79511,0.0025153752311000994
flashbots,0,23785,0.0
eden,0,28,0.0
