relay,non_censored_blocks,all_blocks,share
manifold,23,93,24.731182795698924
agnostic Gnosis,1788,22339,8.00393929898384
ultrasound,6941,136136,5.098577892695539
aestus,371,7726,4.80196738286306
titan,1746,51380,3.3982094200077855
bloxroute (max profit),0,114646,0.0
bloxroute (regulated),0,99763,0.0
flashbots,0,17692,0.0
