relay,non_censored_blocks,all_blocks,share
manifold,46,416,11.057692307692307
aestus,310,8546,3.627428036508308
agnostic Gnosis,770,25148,3.0618737076507077
ultrasound,2690,108908,2.4699746575090904
titan,238,13356,1.781970649895178
eden,4,776,0.5154639175257731
bloxroute (max profit),3,107552,0.0027893484082118416
bloxroute (regulated),2,81127,0.0024652705018058108
flashbots,0,21771,0.0
