relay,non_censored_blocks,all_blocks,share
ultrasound,5872,103085,5.696270068390163
bloxroute (regulated),2776,49385,5.62114002227397
bloxroute (max profit),3704,68418,5.413779999415358
titan,903,18923,4.771970617766739
flashbots,514,11765,4.368890777730557
aestus,133,3183,4.178448005026705
agnostic Gnosis,118,3642,3.2399780340472266
