relay,non_censored_blocks,all_blocks,share
manifold,25,515,4.854368932038835
aestus,229,10839,2.1127410277700895
ultrasound,2011,117983,1.7044828492240407
titan,161,12277,1.3113952920094485
agnostic Gnosis,496,38281,1.295681930984039
bloxroute (regulated),2,75709,0.0026416938540992484
bloxroute (max profit),1,87764,0.0011394193518982725
flashbots,0,25123,0.0
eden,0,13,0.0
