relay,non_censored_blocks,all_blocks,share
manifold,27,116,23.275862068965516
agnostic Gnosis,666,19987,3.3321659078400963
aestus,258,7800,3.307692307692308
ultrasound,2373,135143,1.755917805583715
bloxroute (max profit),27,121748,0.022176955678943393
bloxroute (regulated),20,100917,0.019818266496229572
flashbots,0,26023,0.0
