relay,non_censored_blocks,all_blocks,share
ultrasound,5673,103741,5.468426176728584
bloxroute (regulated),2518,46898,5.369098895475287
bloxroute (max profit),3498,67980,5.145631067961165
titan,922,20678,4.458845149434181
flashbots,485,11716,4.139638101741209
aestus,120,2987,4.017408771342485
agnostic Gnosis,123,3831,3.2106499608457324
