relay,non_censored_blocks,all_blocks,share
manifold,40,173,23.121387283236995
bloxroute (max profit),2219,71916,3.0855442460648534
aestus,194,6836,2.8379169104739614
ultrasound,1694,102689,1.6496411494902083
agnostic Gnosis,953,65080,1.4643515673017824
bloxroute (regulated),5,54826,0.009119760697479298
flashbots,0,65838,0.0
eden,0,282,0.0
