relay,non_censored_blocks,all_blocks,share
titan,988,17900,5.5195530726256985
bloxroute (max profit),2347,73852,3.177977576775172
agnostic Gnosis,380,12326,3.0829141651792957
aestus,429,13997,3.0649424876759306
flashbots,350,11704,2.9904306220095696
ultrasound,2772,94834,2.9230022987536115
bloxroute (regulated),1127,39713,2.837861657391786
