relay,non_censored_blocks,all_blocks,share
manifold,57,752,7.579787234042554
aestus,698,11479,6.080669047826466
titan,477,9526,5.007348309888726
agnostic Gnosis,1408,57107,2.4655471308245924
ultrasound,2321,103603,2.240282617298727
bloxroute (max profit),9,94671,0.00950660709192889
bloxroute (regulated),3,55690,0.005386963548213324
eden,0,54,0.0
flashbots,0,34893,0.0
