relay,non_censored_blocks,all_blocks,share
aestus,1138,14146,8.044676940477874
manifold,59,930,6.344086021505377
titan,620,12543,4.9429960934385715
agnostic Gnosis,1624,53492,3.0359679952142375
ultrasound,2632,106741,2.4657816584067977
bloxroute (regulated),3,68772,0.004362240446693422
bloxroute (max profit),3,90321,0.0033214866974457763
flashbots,0,29415,0.0
eden,0,37,0.0
