relay,non_censored_blocks,all_blocks,share
manifold,19,89,21.34831460674157
agnostic Gnosis,1943,20304,9.569542947202523
aestus,431,5873,7.338668482887792
ultrasound,6572,139244,4.719772485708541
bloxroute (max profit),41,119059,0.03443670785072947
bloxroute (regulated),5,101135,0.0049438868838680965
flashbots,0,21281,0.0
