relay,non_censored_blocks,all_blocks,share
manifold,64,788,8.121827411167512
aestus,814,10921,7.453529896529622
titan,616,10081,6.11050491022716
agnostic Gnosis,1626,52307,3.1085705546102815
ultrasound,2736,95833,2.854966452057224
bloxroute (max profit),10,85738,0.011663439781660408
bloxroute (regulated),5,56718,0.008815543566416305
eden,0,42,0.0
flashbots,0,29087,0.0
