relay,non_censored_blocks,all_blocks,share
titan,816,15072,5.414012738853503
bloxroute (max profit),1892,77618,2.437578912108016
ultrasound,2352,97916,2.4020589076351158
bloxroute (regulated),936,41528,2.253900982469659
agnostic Gnosis,279,12678,2.2006625650733556
aestus,311,14320,2.171787709497207
flashbots,260,11973,2.1715526601520088
