relay,non_censored_blocks,all_blocks,share
manifold,28,117,23.931623931623932
agnostic Gnosis,686,20203,3.3955353165371482
aestus,257,7591,3.385588196548545
ultrasound,2381,134223,1.773913561759162
bloxroute (max profit),27,123302,0.021897455029115505
bloxroute (regulated),20,103237,0.019372899251237446
flashbots,0,26181,0.0
