relay,non_censored_blocks,all_blocks,share
manifold,10,55,18.181818181818183
agnostic Gnosis,791,12450,6.353413654618474
aestus,228,3947,5.776539143653408
ultrasound,2438,78203,3.1175274605833536
bloxroute (regulated),1,65518,0.0015262981165481244
bloxroute (max profit),1,77265,0.0012942470717660001
flashbots,0,13217,0.0
