relay,non_censored_blocks,all_blocks,share
manifold,58,339,17.10914454277286
aestus,320,5986,5.345806882726362
ultrasound,2458,100664,2.441786537391719
bloxroute (max profit),1474,66717,2.209331954374447
agnostic Gnosis,1066,58231,1.8306400370936442
bloxroute (regulated),18,45853,0.03925588293023357
eden,0,510,0.0
blocknative,0,10825,0.0
flashbots,0,67629,0.0
