relay,non_censored_blocks,all_blocks,share
manifold,6,26,23.076923076923077
agnostic Gnosis,928,16091,5.7671990553725685
ultrasound,5207,120041,4.33768462441999
aestus,357,9138,3.906762967826658
titan,1198,47269,2.534430599335717
flashbots,0,14826,0.0
bloxroute (regulated),0,91437,0.0
bloxroute (max profit),0,101706,0.0
