relay,non_censored_blocks,all_blocks,share
manifold,112,944,11.864406779661017
aestus,759,10899,6.963941646022572
titan,197,3485,5.652797704447632
agnostic Gnosis,1874,60112,3.117513973915358
ultrasound,3140,103655,3.0292798224880615
bloxroute (max profit),121,78587,0.15396948604731062
bloxroute (regulated),2,44718,0.004472471935238607
flashbots,0,41612,0.0
eden,0,312,0.0
