relay,non_censored_blocks,all_blocks,share
manifold,6,82,7.317073170731707
agnostic Gnosis,1250,20056,6.232548863183087
aestus,261,5976,4.367469879518072
ultrasound,5029,141934,3.543196133414122
titan,1350,45365,2.9758624490245786
bloxroute (max profit),6,120078,0.004996752111127767
flashbots,0,21615,0.0
bloxroute (regulated),0,100478,0.0
