relay,non_censored_blocks,all_blocks,share
ultrasound,4590,101143,4.538129183433356
agnostic Gnosis,324,7458,4.3443282381335475
bloxroute (regulated),2306,53804,4.285926696899859
bloxroute (max profit),3006,70614,4.256946214631659
titan,543,13892,3.908724445724158
aestus,279,7315,3.814080656185919
flashbots,494,13923,3.5480859010270773
