relay,non_censored_blocks,all_blocks,share
ultrasound,6086,100636,6.047537660479351
bloxroute (regulated),3029,53307,5.682180576659725
bloxroute (max profit),3900,70775,5.510420346167432
titan,910,18833,4.8319439282111185
flashbots,513,12155,4.220485396955985
aestus,213,5389,3.952495824828354
agnostic Gnosis,131,4329,3.026103026103026
