relay,non_censored_blocks,all_blocks,share
manifold,58,423,13.711583924349883
aestus,409,10001,4.08959104089591
ultrasound,2211,89040,2.483153638814016
agnostic Gnosis,1030,45781,2.249841637360477
bloxroute (max profit),719,75780,0.9487991554499867
bloxroute (regulated),6,54682,0.010972532094656377
eden,0,578,0.0
flashbots,0,61897,0.0
