relay,non_censored_blocks,all_blocks,share
manifold,78,620,12.580645161290322
aestus,716,13832,5.176402544823597
agnostic Gnosis,1298,44823,2.8958347277067578
ultrasound,2210,80107,2.7588100915026152
bloxroute (max profit),132,76043,0.17358599739621003
bloxroute (regulated),57,54075,0.10540915395284328
eden,0,539,0.0
flashbots,0,58033,0.0
