relay,non_censored_blocks,all_blocks,share
titan,741,533,139.02439024390242
bloxroute (regulated),2638,22294,11.832780120211716
bloxroute (max profit),3377,37253,9.065041741604702
flashbots,475,5792,8.20096685082873
agnostic Gnosis,418,7583,5.512330212317025
aestus,344,9136,3.7653239929947455
