relay,non_censored_blocks,all_blocks,share
manifold,77,316,24.367088607594937
aestus,365,6540,5.581039755351682
ultrasound,2959,93874,3.1520974923834078
bloxroute (max profit),1817,67254,2.701698040265263
agnostic Gnosis,1368,56501,2.4211960850250436
bloxroute (regulated),8,44453,0.017996535666884125
blocknative,0,22965,0.0
flashbots,0,67839,0.0
eden,0,1415,0.0
