relay,non_censored_blocks,all_blocks,share
manifold,55,333,16.516516516516518
aestus,321,6288,5.104961832061069
bloxroute (max profit),1758,68499,2.5664608242456097
ultrasound,2212,103977,2.1273935581907537
agnostic Gnosis,978,59766,1.6363818893685373
bloxroute (regulated),18,49924,0.03605480330101755
eden,0,486,0.0
flashbots,0,65568,0.0
