relay,non_censored_blocks,all_blocks,share
manifold,23,130,17.692307692307693
agnostic Gnosis,605,19453,3.110060144964787
aestus,233,7853,2.967018973640647
ultrasound,2320,134878,1.7200729548184284
bloxroute (max profit),27,120048,0.022491003598560575
bloxroute (regulated),20,98271,0.020351884075668306
flashbots,0,25299,0.0
