relay,non_censored_blocks,all_blocks,share
manifold,104,802,12.967581047381547
titan,121,1939,6.2403300670448685
aestus,752,12386,6.071370902632004
agnostic Gnosis,1829,60640,3.0161609498680737
ultrasound,3226,107089,3.012447590322069
bloxroute (max profit),128,76892,0.16646725277011912
bloxroute (regulated),2,46465,0.004304315075863553
eden,0,409,0.0
flashbots,0,46140,0.0
