relay,non_censored_blocks,all_blocks,share
ultrasound,5285,104838,5.041111047520937
bloxroute (regulated),2325,47852,4.858731087519852
bloxroute (max profit),3204,68840,4.654270772806508
titan,941,22350,4.210290827740492
flashbots,443,11797,3.755191997965585
aestus,111,3035,3.657331136738056
agnostic Gnosis,128,4308,2.971216341689879
