relay,non_censored_blocks,all_blocks,share
manifold,12,68,17.647058823529413
agnostic Gnosis,1395,21225,6.57243816254417
aestus,242,5810,4.1652323580034425
ultrasound,5728,138609,4.132487789393185
titan,1552,46887,3.3100859513297927
bloxroute (regulated),0,103208,0.0
flashbots,0,20624,0.0
bloxroute (max profit),0,120331,0.0
