relay,non_censored_blocks,all_blocks,share
manifold,15,75,20.0
agnostic Gnosis,700,20101,3.4824138102581963
aestus,142,6122,2.319503430251552
ultrasound,3234,141370,2.2876140623894745
titan,913,49458,1.8460107566015609
bloxroute (max profit),0,123181,0.0
flashbots,0,22346,0.0
bloxroute (regulated),0,103708,0.0
