relay,non_censored_blocks,all_blocks,share
ultrasound,3040,65097,4.669954068543865
titan,742,18879,3.9302929180571002
bloxroute (max profit),2226,64138,3.470641429417818
aestus,450,14125,3.185840707964602
agnostic Gnosis,409,12961,3.1556207082786822
bloxroute (regulated),948,30970,3.0610268001291576
flashbots,256,8636,2.9643353404353867
