relay,non_censored_blocks,all_blocks,share
manifold,25,135,18.51851851851852
agnostic Gnosis,562,18868,2.9785880856476576
aestus,224,7984,2.80561122244489
ultrasound,2260,135126,1.6725130618829833
bloxroute (max profit),27,118109,0.022860239270504363
bloxroute (regulated),20,95639,0.020911971057832057
flashbots,0,24407,0.0
