relay,non_censored_blocks,all_blocks,share
manifold,10,68,14.705882352941178
agnostic Gnosis,792,13395,5.912653975363942
aestus,224,4128,5.426356589147287
ultrasound,2489,87112,2.857241252640279
bloxroute (regulated),1,68512,0.001459598318542737
bloxroute (max profit),1,80679,0.00123947991422799
flashbots,0,13865,0.0
