relay,non_censored_blocks,all_blocks,share
manifold,62,785,7.898089171974522
aestus,637,11135,5.720700493938033
titan,315,6483,4.858861638130495
agnostic Gnosis,1393,58083,2.3982920992372985
ultrasound,2329,105246,2.2129107044448246
bloxroute (max profit),30,90410,0.03318217011392545
bloxroute (regulated),3,47983,0.006252214325907092
eden,0,164,0.0
flashbots,0,36888,0.0
