relay,non_censored_blocks,all_blocks,share
manifold,73,581,12.564543889845096
aestus,661,13484,4.90210619994067
agnostic Gnosis,1241,43030,2.884034394608413
ultrasound,2223,81054,2.7426160337552745
bloxroute (max profit),113,76177,0.14833873741418013
bloxroute (regulated),51,54381,0.09378275500634413
flashbots,0,59040,0.0
eden,0,507,0.0
