relay,non_censored_blocks,all_blocks,share
aestus,1094,14205,7.701513551566349
manifold,63,849,7.420494699646643
titan,547,11888,4.601278600269179
agnostic Gnosis,1516,54855,2.7636496217300155
ultrasound,2603,112533,2.3130992686589713
bloxroute (regulated),2,71490,0.0027975940691005734
bloxroute (max profit),2,91221,0.002192477609322415
eden,0,37,0.0
flashbots,0,29576,0.0
