relay,non_censored_blocks,all_blocks,share
aestus,1149,13312,8.631310096153847
manifold,66,947,6.9693769799366425
titan,724,13165,5.499430307633878
agnostic Gnosis,1744,53068,3.2863495892063015
ultrasound,2853,103825,2.7478930893330125
bloxroute (regulated),4,67200,0.005952380952380952
bloxroute (max profit),5,89251,0.005602178126855721
eden,0,36,0.0
flashbots,0,28642,0.0
