relay,non_censored_blocks,all_blocks,share
manifold,26,598,4.3478260869565215
aestus,206,10177,2.02417215289378
agnostic Gnosis,494,28472,1.7350379320033718
ultrasound,1787,112098,1.5941408410497955
titan,165,13527,1.2197826569084054
bloxroute (max profit),4,96819,0.004131420485648478
bloxroute (regulated),2,78627,0.0025436554873008
flashbots,0,24196,0.0
eden,0,25,0.0
