relay,non_censored_blocks,all_blocks,share
manifold,112,917,12.213740458015266
aestus,765,11364,6.731784582893348
titan,187,3098,6.036152356358941
agnostic Gnosis,1899,60627,3.1322678014745904
ultrasound,3174,104237,3.0449840267851145
bloxroute (max profit),132,78376,0.1684189037460447
bloxroute (regulated),2,44662,0.004478079799382025
flashbots,0,43367,0.0
eden,0,331,0.0
