relay,non_censored_blocks,all_blocks,share
manifold,14,81,17.28395061728395
agnostic Gnosis,813,20057,4.053447674128733
aestus,165,6278,2.6282255495380697
ultrasound,3531,142192,2.4832620681894904
titan,1004,47535,2.1121279057536553
bloxroute (max profit),1,120749,0.0008281642083992414
flashbots,0,22421,0.0
bloxroute (regulated),0,101331,0.0
