relay,non_censored_blocks,all_blocks,share
manifold,70,838,8.353221957040573
aestus,805,11786,6.830137451213305
titan,610,10482,5.819500095401641
agnostic Gnosis,1609,56646,2.8404476926879214
ultrasound,2695,103358,2.607442094467772
bloxroute (max profit),10,93296,0.010718573143543133
bloxroute (regulated),5,60188,0.008307303781484681
flashbots,0,32427,0.0
eden,0,47,0.0
