relay,non_censored_blocks,all_blocks,share
manifold,57,719,7.927677329624479
aestus,909,12626,7.199429748138761
titan,399,10793,3.696840544797554
agnostic Gnosis,1278,53830,2.3741408136726734
ultrasound,2406,115725,2.079066753078419
bloxroute (max profit),2,93103,0.0021481584911334757
bloxroute (regulated),1,75586,0.0013229963220702246
flashbots,0,27222,0.0
eden,0,41,0.0
