relay,non_censored_blocks,all_blocks,share
ultrasound,5747,103208,5.5683667932718395
bloxroute (regulated),2632,48638,5.411406719026276
bloxroute (max profit),3579,68055,5.25898170597311
titan,894,19252,4.64367338458342
flashbots,487,11690,4.16595380667237
aestus,124,3056,4.057591623036649
agnostic Gnosis,117,3604,3.2463928967813542
