relay,non_censored_blocks,all_blocks,share
manifold,64,742,8.62533692722372
aestus,814,10058,8.093060250546829
titan,616,9446,6.52127884818971
agnostic Gnosis,1626,48887,3.3260375969071534
ultrasound,2736,89178,3.0680212608490884
bloxroute (max profit),10,79217,0.012623553025234482
bloxroute (regulated),5,53246,0.009390376741914886
flashbots,0,26660,0.0
eden,0,36,0.0
