relay,non_censored_blocks,all_blocks,share
agnostic Gnosis,418,7134,5.859265489206616
ultrasound,5134,90211,5.69110197204332
bloxroute (regulated),2638,46485,5.674948908249973
titan,741,13352,5.5497303774715405
bloxroute (max profit),3377,61733,5.4703319132392725
aestus,344,7129,4.825361200729415
flashbots,475,10179,4.666470183711563
