relay,non_censored_blocks,all_blocks,share
manifold,52,311,16.720257234726688
aestus,258,6439,4.00683335921727
bloxroute (max profit),2242,74395,3.0136433900127697
ultrasound,1878,104179,1.8026665642787894
agnostic Gnosis,975,64255,1.517391642673722
bloxroute (regulated),10,54820,0.018241517694272163
eden,0,353,0.0
flashbots,0,66858,0.0
