relay,non_censored_blocks,all_blocks,share
manifold,18,91,19.78021978021978
agnostic Gnosis,1831,19501,9.389262089123635
aestus,407,5746,7.083188304907761
ultrasound,5945,132284,4.494118714281395
bloxroute (max profit),39,116656,0.03343162803456316
bloxroute (regulated),6,99183,0.006049423792383776
flashbots,0,20498,0.0
