relay,non_censored_blocks,all_blocks,share
aestus,830,9768,8.497133497133497
manifold,67,826,8.111380145278451
titan,606,9849,6.152908924763936
agnostic Gnosis,1641,48965,3.3513734300010216
ultrasound,2756,90911,3.0315363377369073
bloxroute (max profit),9,80182,0.01122446434361827
bloxroute (regulated),5,56242,0.00889015326624231
flashbots,0,25283,0.0
eden,0,45,0.0
