relay,non_censored_blocks,all_blocks,share
manifold,10,65,15.384615384615385
agnostic Gnosis,799,13483,5.925980864792702
aestus,233,4171,5.586190362023496
ultrasound,2494,88121,2.8301993849366216
bloxroute (regulated),1,69901,0.0014305946982160484
bloxroute (max profit),1,82211,0.0012163822359538261
flashbots,0,13906,0.0
