relay,non_censored_blocks,all_blocks,share
manifold,69,813,8.487084870848708
aestus,415,10863,3.8203074657092886
ultrasound,1963,86998,2.256373709740454
agnostic Gnosis,769,39527,1.9455056037645153
bloxroute (max profit),31,79260,0.039111784002018674
bloxroute (regulated),12,52081,0.02304103223824427
flashbots,1,49139,0.0020350434481776185
eden,0,568,0.0
