relay,non_censored_blocks,all_blocks,share
manifold,62,822,7.542579075425791
aestus,646,13866,4.658877830664935
agnostic Gnosis,1072,43221,2.4802757918604383
ultrasound,1984,80798,2.4555063244139705
bloxroute (max profit),134,79795,0.1679303214487123
bloxroute (regulated),57,53713,0.10611956137247967
eden,0,567,0.0
flashbots,0,54145,0.0
