relay,non_censored_blocks,all_blocks,share
agnostic Gnosis,418,6565,6.367098248286367
bloxroute (regulated),2638,42847,6.1567904404042295
ultrasound,5134,83397,6.156096742089044
titan,741,12305,6.0219422998780985
bloxroute (max profit),3377,57184,5.905498041410185
flashbots,475,9233,5.1445900574027945
aestus,344,6830,5.036603221083456
