relay,non_censored_blocks,all_blocks,share
aestus,1106,14269,7.751068750438013
manifold,62,846,7.328605200945626
titan,546,11765,4.640883977900553
agnostic Gnosis,1515,54830,2.7630859018785334
ultrasound,2588,111593,2.319141881659244
bloxroute (regulated),2,71237,0.0028075297949099486
bloxroute (max profit),2,91232,0.0021922132585057872
eden,0,37,0.0
flashbots,0,29820,0.0
