relay,non_censored_blocks,all_blocks,share
manifold,18,151,11.920529801324504
agnostic Gnosis,1094,22179,4.93259389512602
aestus,359,8704,4.12454044117647
ultrasound,3512,126468,2.776987063921308
titan,96,4318,2.22325150532654
eden,4,762,0.5249343832020997
bloxroute (max profit),2,118865,0.0016825810793757625
bloxroute (regulated),1,89271,0.0011201846064231385
flashbots,0,19545,0.0
