relay,non_censored_blocks,all_blocks,share
manifold,13,84,15.476190476190476
agnostic Gnosis,702,20261,3.46478456147278
ultrasound,3253,141595,2.2973975069741166
aestus,138,6197,2.226883976117476
titan,893,49111,1.8183299057237687
bloxroute (regulated),0,103302,0.0
flashbots,0,22682,0.0
bloxroute (max profit),0,122967,0.0
