relay,non_censored_blocks,all_blocks,share
ultrasound,5331,98239,5.426561752460835
bloxroute (regulated),2752,55010,5.002726776949645
bloxroute (max profit),3613,72850,4.959505833905284
titan,745,16637,4.477970788002645
flashbots,483,12019,4.01863715783343
aestus,282,7029,4.011950490823731
agnostic Gnosis,206,5381,3.828284705445085
