relay,non_censored_blocks,all_blocks,share
manifold,4,8,50.0
agnostic Gnosis,747,12546,5.954088952654232
ultrasound,5670,127638,4.4422507403751235
aestus,290,8414,3.446636558117423
titan,1508,47916,3.147174221554387
bloxroute (regulated),1362,90840,1.499339498018494
bloxroute (max profit),1487,103401,1.438090540710438
flashbots,166,14447,1.149027479753582
