relay,non_censored_blocks,all_blocks,share
manifold,49,484,10.12396694214876
aestus,364,9082,4.007927769213829
ultrasound,2275,92587,2.4571484117640705
agnostic Gnosis,910,41244,2.2063815342837745
bloxroute (max profit),14,75656,0.01850481125092524
bloxroute (regulated),3,46810,0.00640888698995941
eden,0,386,0.0
flashbots,0,44492,0.0
