relay,non_censored_blocks,all_blocks,share
titan,823,14100,5.836879432624113
bloxroute (max profit),1825,73266,2.490923484290121
ultrasound,2152,91953,2.3403260361271516
bloxroute (regulated),891,39592,2.250454637300465
aestus,297,13344,2.225719424460432
agnostic Gnosis,263,11932,2.2041568890378813
flashbots,245,11389,2.15119852489244
