relay,non_censored_blocks,all_blocks,share
manifold,124,622,19.935691318327976
aestus,317,8885,3.567810917276308
ultrasound,2626,84243,3.117172940184941
bloxroute (max profit),1894,71138,2.6624307683657116
agnostic Gnosis,1399,54054,2.5881525881525884
bloxroute (regulated),5,44432,0.011253150882247029
blocknative,0,35184,0.0
eden,0,3050,0.0
flashbots,0,65288,0.0
