relay,non_censored_blocks,all_blocks,share
manifold,71,823,8.626974483596598
aestus,671,14059,4.7727434383668825
agnostic Gnosis,1122,43789,2.562287332435086
ultrasound,2045,80872,2.5286873083391037
bloxroute (max profit),134,79511,0.16853014048370665
bloxroute (regulated),57,53762,0.10602284141214985
flashbots,0,54468,0.0
eden,0,574,0.0
