relay,non_censored_blocks,all_blocks,share
ultrasound,5679,103193,5.503280261258031
bloxroute (regulated),2571,47736,5.385872297637004
bloxroute (max profit),3516,67191,5.23284368442202
titan,895,19883,4.501332796861641
flashbots,492,11787,4.174090099261899
aestus,117,2970,3.939393939393939
agnostic Gnosis,114,3670,3.106267029972752
