relay,non_censored_blocks,all_blocks,share
manifold,59,421,14.014251781472684
aestus,425,10020,4.241516966067864
ultrasound,2202,88273,2.4945340024696114
agnostic Gnosis,1022,44640,2.289426523297491
bloxroute (max profit),584,75862,0.7698188816535289
bloxroute (regulated),5,55004,0.009090247981964948
eden,0,585,0.0
flashbots,0,61652,0.0
