relay,non_censored_blocks,all_blocks,share
manifold,61,789,7.731305449936629
aestus,1017,13847,7.344551166317615
titan,489,11326,4.317499558537877
agnostic Gnosis,1438,54771,2.6254769859962392
ultrasound,2514,114157,2.202230261832389
bloxroute (max profit),3,91779,0.003268721602981074
bloxroute (regulated),2,73306,0.002728289635227676
flashbots,0,28946,0.0
eden,0,39,0.0
