relay,non_censored_blocks,all_blocks,share
manifold,61,790,7.721518987341772
aestus,622,11309,5.500044212574056
titan,299,6188,4.831932773109244
agnostic Gnosis,1375,58271,2.359664327023734
ultrasound,2305,105481,2.185227671334174
bloxroute (max profit),30,89500,0.0335195530726257
bloxroute (regulated),2,48028,0.004164237528108603
eden,0,173,0.0
flashbots,0,36944,0.0
