relay,non_censored_blocks,all_blocks,share
manifold,14,70,20.0
agnostic Gnosis,1317,21237,6.201440881480435
aestus,234,5858,3.99453738477296
ultrasound,5412,138753,3.900456206352295
titan,1472,46710,3.151359451937487
flashbots,0,20814,0.0
bloxroute (regulated),0,103442,0.0
bloxroute (max profit),0,120717,0.0
