relay,non_censored_blocks,all_blocks,share
titan,992,17982,5.516627738849961
agnostic Gnosis,574,12352,4.647020725388601
aestus,615,13881,4.430516533390966
flashbots,502,11637,4.3138265876084905
bloxroute (max profit),3061,71798,4.263349954037717
ultrasound,4061,95317,4.2605201590482285
bloxroute (regulated),1581,39194,4.033780680716436
