relay,non_censored_blocks,all_blocks,share
manifold,6,21,28.57142857142857
agnostic Gnosis,916,15936,5.747991967871486
ultrasound,5169,119806,4.314475068026643
aestus,357,9161,3.8969544809518615
titan,1197,46966,2.5486522164970404
bloxroute (regulated),0,90994,0.0
flashbots,0,14876,0.0
bloxroute (max profit),0,101230,0.0
