relay,non_censored_blocks,all_blocks,share
manifold,15,91,16.483516483516482
agnostic Gnosis,760,20804,3.653143626225726
aestus,248,7323,3.3865901952751605
ultrasound,2488,134019,1.8564531894731344
bloxroute (max profit),27,125132,0.021577214461528625
bloxroute (regulated),21,106148,0.01978369823265629
flashbots,0,25987,0.0
