relay,non_censored_blocks,all_blocks,share
manifold,106,802,13.216957605985039
titan,116,1817,6.384149697303247
aestus,756,12449,6.072776929873886
ultrasound,3251,107218,3.0321401257251583
agnostic Gnosis,1836,60581,3.030653175087899
bloxroute (max profit),126,76953,0.16373630657674165
bloxroute (regulated),2,46047,0.00434338827719504
eden,0,411,0.0
flashbots,0,46884,0.0
