relay,non_censored_blocks,all_blocks,share
manifold,10,70,14.285714285714285
agnostic Gnosis,791,16246,4.868890803890189
aestus,228,5232,4.3577981651376145
ultrasound,2438,100332,2.4299326236893517
bloxroute (regulated),1,83572,0.0011965730148853681
bloxroute (max profit),1,98218,0.001018143313852858
flashbots,0,17585,0.0
