relay,non_censored_blocks,all_blocks,share
manifold,19,96,19.791666666666664
agnostic Gnosis,1954,20178,9.68381405491129
aestus,409,5789,7.065123510105373
ultrasound,6875,140038,4.909381739242206
titan,39,1731,2.2530329289428077
bloxroute (max profit),41,116935,0.0350622140505409
bloxroute (regulated),5,99682,0.005015950723300094
flashbots,0,21700,0.0
