relay,non_censored_blocks,all_blocks,share
manifold,16,66,24.242424242424242
agnostic Gnosis,1293,20644,6.263321061809727
ultrasound,5528,125964,4.388555460290242
aestus,384,9118,4.211449879359509
titan,1162,52342,2.220014519888426
bloxroute (regulated),0,97169,0.0
flashbots,0,15839,0.0
bloxroute (max profit),0,108401,0.0
